canonical_org_id,org_name,metric_name,wave_date,value,value_max,n_records,is_outlier
org_016,AquaBright Solutions,beneficiaries_reached,2023-10,1.0,1.0,1,False
org_016,AquaBright Solutions,beneficiaries_reached,2024-10,1500.0,1500.0,1,False
org_016,AquaBright Solutions,business_perf_rating,2024-10,8.5,9.0,2,False
org_016,AquaBright Solutions,business_perf_rating,2025-04,9.0,9.0,1,False
org_016,AquaBright Solutions,confidence_rating,2024-10,8.0,8.0,1,False
org_016,AquaBright Solutions,customer_count,2023-10,1.0,1.0,1,False
org_016,AquaBright Solutions,customer_count,2024-10,2000.0,2000.0,1,False
org_016,AquaBright Solutions,customer_count,2025-04,0.0,0.0,1,False
org_016,AquaBright Solutions,fte_count,2023-10,3.0,3.0,1,False
org_016,AquaBright Solutions,fte_count,2024-10,3.0,3.0,1,False
org_016,AquaBright Solutions,fte_count,2025-04,3.0,3.0,1,False
org_016,AquaBright Solutions,funding_total,2024-10,3800.0,3800.0,1,False
org_016,AquaBright Solutions,funding_total,2025-04,0.0,0.0,1,False
org_016,AquaBright Solutions,health_hygiene_engaged,2025-04,1969.0,1969.0,1,False
org_016,AquaBright Solutions,health_hygiene_engaged,2025-05,1913.0,1913.0,1,False
org_016,AquaBright Solutions,health_hygiene_impact,2024-10,1913.0,1913.0,1,False
org_016,AquaBright Solutions,health_hygiene_impact,2025-04,1969.0,1969.0,1,False
org_016,AquaBright Solutions,health_hygiene_informed,2024-10,1913.0,1913.0,1,False
org_016,AquaBright Solutions,health_hygiene_informed,2025-04,1969.0,1969.0,1,False
org_016,AquaBright Solutions,health_hygiene_outcomes,2025-04,1969.0,1969.0,1,False
org_016,AquaBright Solutions,health_hygiene_societal,2025-04,0.0,0.0,1,False
org_016,AquaBright Solutions,monthly_revenue,2023,0.0,0.0,2,False
org_016,AquaBright Solutions,nps_recommend,2025-04,10.0,10.0,1,False
org_016,AquaBright Solutions,runway_months,2025-04,0.0,0.0,1,False
org_047,AquaLift Africa,beneficiaries_reached,2025-2026,150000.0,150000.0,1,False
org_047,AquaLift Africa,business_perf_rating,2025-2026,4.0,4.0,1,False
org_047,AquaLift Africa,business_perf_rating,2026-05,9.0,9.0,1,False
org_047,AquaLift Africa,confidence_rating,2025-2026,4.0,4.0,1,False
org_047,AquaLift Africa,customer_count,2026-05,50000.0,50000.0,1,False
org_047,AquaLift Africa,fte_count,2025-2026,14.0,14.0,1,False
org_047,AquaLift Africa,fte_count,2026-05,30.0,30.0,1,False
org_047,AquaLift Africa,funding_total,2025-2026,300000.0,300000.0,1,False
org_047,AquaLift Africa,funding_total,2026-05,120000.0,120000.0,1,False
org_047,AquaLift Africa,health_hygiene_engaged,2026-05,200000.0,200000.0,1,False
org_047,AquaLift Africa,health_hygiene_impact,2026-05,200000.0,200000.0,1,False
org_047,AquaLift Africa,health_hygiene_informed,2026-05,200000.0,200000.0,1,False
org_047,AquaLift Africa,monthly_expenses,2025-2026,36553.0,36553.0,1,False
org_047,AquaLift Africa,monthly_expenses,2026-05,47000.0,47000.0,1,False
org_047,AquaLift Africa,monthly_revenue,2024,50000.0,50000.0,1,False
org_047,AquaLift Africa,monthly_revenue,2025-2026,42154.0,42154.0,1,False
org_047,AquaLift Africa,pct_women_reached,2025-2026,67.0,67.0,1,False
org_047,AquaLift Africa,runway_months,2025-2026,3.0,3.0,1,False
org_030,AquaVantage Group,beneficiaries_reached,2025-10,1500.0,1500.0,1,False
org_030,AquaVantage Group,business_perf_rating,2025-04,8.5,9.0,2,False
org_030,AquaVantage Group,customer_count,2025-04,50.0,50.0,1,False
org_030,AquaVantage Group,fte_count,2024-10,10.0,10.0,1,False
org_030,AquaVantage Group,fte_count,2025-04,502.5,1000.0,2,False
org_030,AquaVantage Group,funding_total,2025-04,4000.0,4000.0,1,False
org_030,AquaVantage Group,health_hygiene_engaged,2024-10,40.0,40.0,1,False
org_030,AquaVantage Group,health_hygiene_engaged,2025-05,90.0,90.0,1,False
org_030,AquaVantage Group,health_hygiene_impact,2025-05,300.0,300.0,1,False
org_030,AquaVantage Group,health_hygiene_impact,2025-10,100.0,100.0,1,False
org_030,AquaVantage Group,health_hygiene_informed,2024-10,65.0,65.0,1,False
org_030,AquaVantage Group,health_hygiene_informed,2025-05,1500.0,1500.0,1,False
org_030,AquaVantage Group,health_hygiene_outcomes,2024-10,40.0,40.0,1,False
org_030,AquaVantage Group,health_hygiene_outcomes,2025-05,90.0,90.0,1,False
org_030,AquaVantage Group,health_hygiene_societal,2025-05,0.0,0.0,1,False
org_030,AquaVantage Group,monthly_revenue,2023,1500.0,1500.0,1,False
org_030,AquaVantage Group,monthly_revenue,2025-10,1400.0,1400.0,1,False
org_030,AquaVantage Group,nps_recommend,2025-04,10.0,10.0,1,False
org_030,AquaVantage Group,pct_women_reached,2025-10,70.0,70.0,1,False
org_030,AquaVantage Group,runway_months,2025-04,1.5,1.5,1,False
org_060,Argent Water Technologies,beneficiaries_reached,2025-10,1346070.0,1346070.0,1,False
org_060,Argent Water Technologies,monthly_revenue,2025-10,79200.0,79200.0,1,False
org_060,Argent Water Technologies,pct_women_reached,2025-10,65.0,65.0,1,False
org_060,Argent Water Technologies,runway_months,2025-10,4.5,4.5,1,False
org_063,Ashgrove Solutions,beneficiaries_reached,2025-10,50000.0,50000.0,1,False
org_063,Ashgrove Solutions,monthly_revenue,2025-10,45000.0,45000.0,1,False
org_063,Ashgrove Solutions,pct_women_reached,2025-10,50.0,50.0,1,False
org_063,Ashgrove Solutions,runway_months,2025-10,10.0,10.0,1,False
org_025,BlueHorizon Water,beneficiaries_reached,2025-10,10031.0,10031.0,1,False
org_025,BlueHorizon Water,business_perf_rating,2025-04,6.0,6.0,2,False
org_025,BlueHorizon Water,customer_count,2025-04,6000.0,6000.0,1,False
org_025,BlueHorizon Water,fte_count,2024-10,25.0,25.0,1,False
org_025,BlueHorizon Water,fte_count,2025-04,18.0,18.0,1,False
org_025,BlueHorizon Water,funding_total,2025-04,1250000.0,1250000.0,1,False
org_025,BlueHorizon Water,health_hygiene_engaged,2024-10,1000.0,1000.0,1,False
org_025,BlueHorizon Water,health_hygiene_engaged,2025-05,1200.0,1200.0,1,False
org_025,BlueHorizon Water,health_hygiene_impact,2025-05,7152.0,7152.0,1,False
org_025,BlueHorizon Water,health_hygiene_impact,2025-10,6000.0,6000.0,1,False
org_025,BlueHorizon Water,health_hygiene_informed,2024-10,3000.0,3000.0,1,False
org_025,BlueHorizon Water,health_hygiene_informed,2025-05,10000.0,10000.0,1,False
org_025,BlueHorizon Water,health_hygiene_outcomes,2025-05,0.0,0.0,1,False
org_025,BlueHorizon Water,health_hygiene_societal,2025-05,0.0,0.0,1,False
org_025,BlueHorizon Water,monthly_revenue,2023,10000.46,10000.46,1,False
org_025,BlueHorizon Water,monthly_revenue,2025-10,22199.47,22199.47,1,False
org_025,BlueHorizon Water,nps_recommend,2025-04,10.0,10.0,1,False
org_025,BlueHorizon Water,pct_women_reached,2025-10,60.0,60.0,1,False
org_025,BlueHorizon Water,runway_months,2025-04,12.0,12.0,1,False
org_025,BlueHorizon Water,runway_months,2025-10,12.0,12.0,1,False
org_018,BlueRoot Africa,fte_count,2023-10,5.0,5.0,1,False
org_018,BlueRoot Africa,funding_total,2023-10,10000.0,10000.0,1,False
org_018,BlueRoot Africa,monthly_revenue,2021,800.0,800.0,1,False
org_032,BrightPath Solutions,beneficiaries_reached,2025-2026,120000.0,120000.0,1,False
org_032,BrightPath Solutions,business_perf_rating,2025-2026,4.0,4.0,1,False
org_032,BrightPath Solutions,business_perf_rating,2026-05,8.0,8.0,1,False
org_032,BrightPath Solutions,confidence_rating,2025-2026,4.0,4.0,1,False
org_032,BrightPath Solutions,customer_count,2026-05,15.0,15.0,1,False
org_032,BrightPath Solutions,fte_count,2026-05,5.0,5.0,1,False
org_032,BrightPath Solutions,health_hygiene_engaged,2026-05,0.0,0.0,1,False
org_032,BrightPath Solutions,health_hygiene_impact,2026-05,0.0,0.0,1,False
org_032,BrightPath Solutions,health_hygiene_informed,2026-05,0.0,0.0,1,False
org_032,BrightPath Solutions,monthly_expenses,2025-2026,9000.0,9000.0,1,False
org_032,BrightPath Solutions,monthly_expenses,2026-05,60000.0,60000.0,1,False
org_032,BrightPath Solutions,monthly_revenue,2024,300000.0,300000.0,1,False
org_032,BrightPath Solutions,monthly_revenue,2025-2026,340000.0,340000.0,1,False
org_032,BrightPath Solutions,pct_women_reached,2025-2026,50.0,50.0,1,False
org_032,BrightPath Solutions,runway_months,2025-2026,18.0,18.0,1,False
org_029,BrightSpring Health,business_perf_rating,2025-04,8.5,10.0,2,False
org_029,BrightSpring Health,customer_count,2025-04,3.0,3.0,1,False
org_029,BrightSpring Health,fte_count,2024-10,53.0,53.0,1,False
org_029,BrightSpring Health,health_hygiene_engaged,2025-05,0.0,0.0,1,False
org_029,BrightSpring Health,health_hygiene_impact,2025-05,0.0,0.0,1,False
org_029,BrightSpring Health,health_hygiene_informed,2024-10,0.0,0.0,1,False
org_029,BrightSpring Health,health_hygiene_informed,2025-05,0.0,0.0,1,False
org_029,BrightSpring Health,health_hygiene_outcomes,2025-05,0.0,0.0,1,False
org_029,BrightSpring Health,health_hygiene_societal,2025-05,0.0,0.0,1,False
org_029,BrightSpring Health,nps_recommend,2025-04,10.0,10.0,1,False
org_029,BrightSpring Health,runway_months,2025-04,1.0,1.0,1,False
org_015,BrightWell Solutions,beneficiaries_reached,2024-10,35000.0,35000.0,1,False
org_015,BrightWell Solutions,beneficiaries_reached,2025-10,1000.0,1000.0,1,False
org_015,BrightWell Solutions,business_perf_rating,2024-10,9.0,9.0,2,False
org_015,BrightWell Solutions,business_perf_rating,2025-04,10.0,10.0,1,False
org_015,BrightWell Solutions,confidence_rating,2024-10,9.0,9.0,1,False
org_015,BrightWell Solutions,customer_count,2024-10,50.0,50.0,1,False
org_015,BrightWell Solutions,customer_count,2025-04,500.0,500.0,1,False
org_015,BrightWell Solutions,fte_count,2023-10,9.0,9.0,1,False
org_015,BrightWell Solutions,fte_count,2024-10,7.0,7.0,1,False
org_015,BrightWell Solutions,fte_count,2025-04,9.0,9.0,1,False
org_015,BrightWell Solutions,funding_total,2023-10,3500000.0,3500000.0,1,False
org_015,BrightWell Solutions,funding_total,2024-10,0.0,0.0,1,False
org_015,BrightWell Solutions,funding_total,2025-04,0.0,0.0,1,False
org_015,BrightWell Solutions,health_hygiene_engaged,2025-04,100.0,100.0,1,False
org_015,BrightWell Solutions,health_hygiene_engaged,2025-05,500.0,500.0,1,False
org_015,BrightWell Solutions,health_hygiene_impact,2024-10,500.0,500.0,1,False
org_015,BrightWell Solutions,health_hygiene_impact,2025-04,100.0,100.0,1,False
org_015,BrightWell Solutions,health_hygiene_informed,2024-10,10000.0,10000.0,1,False
org_015,BrightWell Solutions,health_hygiene_informed,2025-04,1000.0,1000.0,1,False
org_015,BrightWell Solutions,health_hygiene_outcomes,2024-10,500.0,500.0,1,False
org_015,BrightWell Solutions,health_hygiene_outcomes,2025-04,100.0,100.0,1,False
org_015,BrightWell Solutions,health_hygiene_societal,2024-10,500.0,500.0,1,False
org_015,BrightWell Solutions,health_hygiene_societal,2025-04,100.0,100.0,1,False
org_015,BrightWell Solutions,monthly_revenue,2021,1998.0000000000002,1998.0000000000002,1,False
org_015,BrightWell Solutions,monthly_revenue,2023,8000.0,15000.0,2,False
org_015,BrightWell Solutions,monthly_revenue,2025-10,700.0,700.0,1,False
org_015,BrightWell Solutions,nps_recommend,2025-04,10.0,10.0,1,False
org_015,BrightWell Solutions,pct_women_reached,2025-10,97.0,97.0,1,False
org_058,Brightfield Enterprises,beneficiaries_reached,2025-10,6396781.0,6396781.0,1,False
org_058,Brightfield Enterprises,monthly_revenue,2025-10,280000.0,280000.0,1,False
org_058,Brightfield Enterprises,pct_women_reached,2025-10,60.0,60.0,1,False
org_001,CleanPath Africa,beneficiaries_reached,2022-09,0.0,0.0,1,False
org_001,CleanPath Africa,beneficiaries_reached,2022-10,0.0,0.0,1,False
org_001,CleanPath Africa,beneficiaries_reached,2023-04,0.0,0.0,1,False
org_001,CleanPath Africa,beneficiaries_reached,2023-05,0.0,0.0,1,False
org_001,CleanPath Africa,beneficiaries_reached,2023-10,700.0,700.0,1,False
org_001,CleanPath Africa,beneficiaries_reached,2024-04,1175.0,1175.0,1,False
org_001,CleanPath Africa,beneficiaries_reached,2024-10,1175.0,1175.0,1,False
org_001,CleanPath Africa,business_perf_rating,2023-10,4.0,4.0,1,False
org_001,CleanPath Africa,business_perf_rating,2024,7.0,7.0,1,False
org_001,CleanPath Africa,business_perf_rating,2024-04,4.0,4.0,1,False
org_001,CleanPath Africa,confidence_rating,2023-04,5.0,5.0,2,False
org_001,CleanPath Africa,confidence_rating,2024-04,3.0,3.0,1,False
org_001,CleanPath Africa,customer_count,2024-04,13.0,13.0,1,False
org_001,CleanPath Africa,ebitda,2022-09,0.0,0.0,1,False
org_001,CleanPath Africa,ebitda,2022-10,0.0,0.0,1,False
org_001,CleanPath Africa,ebitda,2023-05,0.0,0.0,1,False
org_001,CleanPath Africa,fte_count,2022-09,0.0,0.0,1,False
org_001,CleanPath Africa,fte_count,2022-10,1.0,1.0,1,False
org_001,CleanPath Africa,fte_count,2023-04,1.0,1.0,1,False
org_001,CleanPath Africa,fte_count,2023-05,2.0,2.0,1,False
org_001,CleanPath Africa,fte_count,2023-10,2.0,2.0,1,False
org_001,CleanPath Africa,fte_count,2024-04,1.0,1.0,1,False
org_001,CleanPath Africa,funding_total,2022-10,2831.25,2831.25,1,False
org_001,CleanPath Africa,funding_total,2023-05,15711.11,15711.11,1,False
org_001,CleanPath Africa,funding_total,2023-10,7331.87,7331.87,1,False
org_001,CleanPath Africa,funding_total,2024-04,3000.0,3000.0,1,False
org_001,CleanPath Africa,jobs_created,2022-09,2.0,4.0,2,False
org_001,CleanPath Africa,jobs_created,2023-04,2.0,4.0,2,False
org_001,CleanPath Africa,jobs_created,2024-04,3.0,3.0,1,False
org_001,CleanPath Africa,livelihoods_improved,2022-09,0.0,0.0,1,False
org_001,CleanPath Africa,livelihoods_improved,2023-04,0.0,0.0,1,False
org_001,CleanPath Africa,monthly_revenue,2022,0.0,0.0,1,False
org_001,CleanPath Africa,monthly_revenue,2023,0.0,0.0,1,False
org_001,CleanPath Africa,net_profit,2022-09,0.0,0.0,1,False
org_001,CleanPath Africa,net_profit,2022-10,0.0,0.0,1,False
org_001,CleanPath Africa,net_profit,2023-05,0.0,0.0,1,False
org_001,CleanPath Africa,nps_recommend,2023-04,10.0,10.0,2,False
org_001,CleanPath Africa,revenue_actuals,2022-09,0.0,0.0,1,False
org_001,CleanPath Africa,revenue_actuals,2022-10,0.0,0.0,1,False
org_001,CleanPath Africa,revenue_actuals,2023-05,15000.0,15000.0,1,False
org_001,CleanPath Africa,wash_access_improved,2022-09,0.0,0.0,1,False
org_001,CleanPath Africa,wash_access_improved,2023-04,0.0,0.0,1,False
org_051,CleanSource Africa,beneficiaries_reached,2025-2026,280000.0,280000.0,1,False
org_051,CleanSource Africa,business_perf_rating,2025-2026,4.0,4.0,1,False
org_051,CleanSource Africa,business_perf_rating,2026-05,8.0,8.0,1,False
org_051,CleanSource Africa,confidence_rating,2025-2026,5.0,5.0,1,False
org_051,CleanSource Africa,customer_count,2026-05,20.0,20.0,1,False
org_051,CleanSource Africa,fte_count,2026-05,170.0,170.0,1,False
org_051,CleanSource Africa,funding_total,2026-05,537146.69,537146.69,1,False
org_051,CleanSource Africa,health_hygiene_engaged,2026-05,0.0,0.0,1,False
org_051,CleanSource Africa,health_hygiene_impact,2026-05,150000.0,150000.0,1,False
org_051,CleanSource Africa,health_hygiene_informed,2026-05,120000.0,120000.0,1,False
org_051,CleanSource Africa,monthly_expenses,2025-2026,147389.0,147389.0,1,False
org_051,CleanSource Africa,monthly_expenses,2026-05,201503.85,201503.85,1,False
org_051,CleanSource Africa,monthly_revenue,2024,179418.89,179418.89,1,False
org_051,CleanSource Africa,monthly_revenue,2025-2026,84087.0,84087.0,1,False
org_051,CleanSource Africa,pct_women_reached,2025-2026,30.0,30.0,1,False
org_051,CleanSource Africa,runway_months,2025-2026,10.0,10.0,1,False
org_002,ClearWave Africa,beneficiaries_reached,2022-10,0.0,0.0,1,False
org_002,ClearWave Africa,beneficiaries_reached,2023-05,0.0,0.0,1,False
org_002,ClearWave Africa,beneficiaries_reached,2023-10,95.0,95.0,1,False
org_002,ClearWave Africa,beneficiaries_reached,2024-04,98.0,98.0,1,False
org_002,ClearWave Africa,beneficiaries_reached,2025-10,400.0,400.0,1,False
org_002,ClearWave Africa,business_perf_rating,2023-10,5.0,5.0,1,False
org_002,ClearWave Africa,business_perf_rating,2024,10.0,10.0,1,False
org_002,ClearWave Africa,business_perf_rating,2024-04,3.0,3.0,1,False
org_002,ClearWave Africa,business_perf_rating,2025-04,10.0,10.0,1,False
org_002,ClearWave Africa,confidence_rating,2023-04,5.0,5.0,1,False
org_002,ClearWave Africa,confidence_rating,2024-04,5.0,5.0,1,False
org_002,ClearWave Africa,customer_count,2024-04,1.0,1.0,1,False
org_002,ClearWave Africa,customer_count,2025-04,2.0,2.0,1,False
org_002,ClearWave Africa,ebitda,2023-05,1670000.0,1670000.0,1,False
org_002,ClearWave Africa,fte_count,2022-10,2.0,2.0,1,False
org_002,ClearWave Africa,fte_count,2023-05,8.0,8.0,1,False
org_002,ClearWave Africa,fte_count,2023-10,8.0,8.0,1,False
org_002,ClearWave Africa,fte_count,2024-04,3.0,3.0,1,False
org_002,ClearWave Africa,fte_count,2025-04,3.0,3.0,1,False
org_002,ClearWave Africa,funding_total,2022-10,0.0,0.0,1,False
org_002,ClearWave Africa,funding_total,2023-05,15500.0,15500.0,1,False
org_002,ClearWave Africa,funding_total,2023-10,17000.0,17000.0,1,False
org_002,ClearWave Africa,funding_total,2024-04,200000.0,200000.0,1,False
org_002,ClearWave Africa,funding_total,2025-04,0.0,0.0,1,False
org_002,ClearWave Africa,health_hygiene_engaged,2025-04,7800.0,7800.0,1,False
org_002,ClearWave Africa,health_hygiene_impact,2025-04,7800.0,7800.0,1,False
org_002,ClearWave Africa,health_hygiene_informed,2025-04,7800.0,7800.0,1,False
org_002,ClearWave Africa,health_hygiene_outcomes,2025-04,7800.0,7800.0,1,False
org_002,ClearWave Africa,health_hygiene_societal,2025-04,0.0,0.0,1,False
org_002,ClearWave Africa,jobs_created,2024-04,15.0,15.0,1,False
org_002,ClearWave Africa,monthly_revenue,2022,1000.0,1000.0,1,False
org_002,ClearWave Africa,monthly_revenue,2023,1750.0,2000.0,2,False
org_002,ClearWave Africa,net_profit,2023-05,0.0,0.0,1,False
org_002,ClearWave Africa,nps_recommend,2023-04,10.0,10.0,1,False
org_002,ClearWave Africa,nps_recommend,2025-04,10.0,10.0,1,False
org_002,ClearWave Africa,revenue_actuals,2023-05,1670000.0,1670000.0,1,False
org_002,ClearWave Africa,runway_months,2025-04,3.0,3.0,1,False
org_002,ClearWave Africa,runway_months,2025-10,6.0,6.0,1,False
org_066,Copperleaf Health Group,beneficiaries_reached,2024-10,500.0,500.0,1,False
org_066,Copperleaf Health Group,beneficiaries_reached,2025-10,2000.0,2000.0,1,False
org_066,Copperleaf Health Group,monthly_revenue,2025-10,10000.0,10000.0,1,False
org_066,Copperleaf Health Group,pct_women_reached,2025-10,60.0,60.0,1,False
org_066,Copperleaf Health Group,runway_months,2025-10,18.0,18.0,1,False
org_009,CrystalFlow Systems,beneficiaries_reached,2023-10,120.0,120.0,1,False
org_009,CrystalFlow Systems,beneficiaries_reached,2024-04,5462.0,5462.0,1,False
org_009,CrystalFlow Systems,beneficiaries_reached,2024-10,150.0,150.0,1,False
org_009,CrystalFlow Systems,business_perf_rating,2024,10.0,10.0,1,False
org_009,CrystalFlow Systems,customer_count,2023-05,0.0,0.0,1,False
org_009,CrystalFlow Systems,customer_count,2023-10,1.0,1.0,1,False
org_009,CrystalFlow Systems,customer_count,2024-04,3.0,3.0,1,False
org_009,CrystalFlow Systems,fte_count,2022-10,3.0,3.0,1,False
org_009,CrystalFlow Systems,fte_count,2023-05,3.0,3.0,1,False
org_009,CrystalFlow Systems,fte_count,2023-10,6.0,8.0,2,False
org_009,CrystalFlow Systems,funding_total,2022-10,0.0,0.0,1,False
org_009,CrystalFlow Systems,funding_total,2023-05,50000.0,50000.0,1,False
org_009,CrystalFlow Systems,funding_total,2023-10,0.0,0.0,2,False
org_009,CrystalFlow Systems,funding_total,2024-06,118000.0,118000.0,1,False
org_021,Daniel Osei,beneficiaries_reached,2023-09,24000.0,24000.0,1,False
org_021,Daniel Osei,beneficiaries_reached,2024-04,48000.0,48000.0,1,False
org_021,Daniel Osei,business_perf_rating,2024-03,5.0,5.0,1,False
org_021,Daniel Osei,confidence_rating,2024-03,5.0,5.0,1,False
org_021,Daniel Osei,customer_count,2023-09,30.0,30.0,1,False
org_021,Daniel Osei,customer_count,2024-04,68.0,68.0,1,False
org_021,Daniel Osei,fte_count,2023-09,4.0,4.0,1,False
org_021,Daniel Osei,fte_count,2024-04,7.0,7.0,1,False
org_021,Daniel Osei,funding_total,2023-09,25000.0,25000.0,1,False
org_021,Daniel Osei,funding_total,2024-04,150000.0,150000.0,1,False
org_021,Daniel Osei,monthly_revenue,2022,0.0,0.0,1,False
org_024,EarthGuard Solutions,beneficiaries_reached,2025-10,6000.0,6000.0,1,False
org_024,EarthGuard Solutions,business_perf_rating,2025-04,8.5,10.0,2,False
org_024,EarthGuard Solutions,customer_count,2025-04,147.0,147.0,1,False
org_024,EarthGuard Solutions,fte_count,2024-10,13.0,13.0,1,False
org_024,EarthGuard Solutions,fte_count,2025-04,20.0,20.0,1,False
org_024,EarthGuard Solutions,funding_total,2025-04,50000.0,50000.0,1,False
org_024,EarthGuard Solutions,health_hygiene_engaged,2024-10,230.0,230.0,1,False
org_024,EarthGuard Solutions,health_hygiene_engaged,2025-05,2000.0,2000.0,1,False
org_024,EarthGuard Solutions,health_hygiene_impact,2025-05,51000.0,51000.0,1,False
org_024,EarthGuard Solutions,health_hygiene_impact,2025-10,30000.0,30000.0,1,False
org_024,EarthGuard Solutions,health_hygiene_informed,2024-10,230.0,230.0,1,False
org_024,EarthGuard Solutions,health_hygiene_informed,2025-05,2000.0,2000.0,1,False
org_024,EarthGuard Solutions,health_hygiene_outcomes,2024-10,0.0,0.0,1,False
org_024,EarthGuard Solutions,health_hygiene_outcomes,2025-05,0.0,0.0,1,False
org_024,EarthGuard Solutions,health_hygiene_societal,2024-10,15000.0,15000.0,1,False
org_024,EarthGuard Solutions,health_hygiene_societal,2025-05,30000.0,30000.0,1,False
org_024,EarthGuard Solutions,monthly_revenue,2023,8000.0,8000.0,1,False
org_024,EarthGuard Solutions,monthly_revenue,2025-10,3000.0,3000.0,1,False
org_024,EarthGuard Solutions,nps_recommend,2025-04,10.0,10.0,1,False
org_024,EarthGuard Solutions,pct_women_reached,2025-10,65.0,65.0,1,False
org_024,EarthGuard Solutions,runway_months,2025-04,2.0,2.0,1,False
org_024,EarthGuard Solutions,runway_months,2025-10,6.0,6.0,1,False
org_054,EcoBridge Innovations,beneficiaries_reached,2025-10,480726.0,480726.0,1,False
org_054,EcoBridge Innovations,business_perf_rating,2025-04,7.0,7.0,2,False
org_054,EcoBridge Innovations,fte_count,2025-04,2.0,2.0,1,False
org_054,EcoBridge Innovations,funding_total,2025-04,320000.0,320000.0,1,False
org_054,EcoBridge Innovations,health_hygiene_engaged,2025-04,50.0,50.0,1,False
org_054,EcoBridge Innovations,health_hygiene_impact,2025-04,975.0,975.0,1,False
org_054,EcoBridge Innovations,health_hygiene_informed,2025-04,690.0,690.0,1,False
org_054,EcoBridge Innovations,health_hygiene_outcomes,2025-04,1433.0,1433.0,1,False
org_054,EcoBridge Innovations,health_hygiene_societal,2025-04,3986.0,3986.0,1,False
org_054,EcoBridge Innovations,monthly_revenue,2023,12500.0,12500.0,1,False
org_054,EcoBridge Innovations,monthly_revenue,2025-10,14000.0,14000.0,1,False
org_054,EcoBridge Innovations,nps_recommend,2025-04,10.0,10.0,1,False
org_054,EcoBridge Innovations,pct_women_reached,2025-10,70.0,70.0,1,False
org_054,EcoBridge Innovations,runway_months,2025-04,10.0,10.0,1,False
org_054,EcoBridge Innovations,runway_months,2025-10,8.0,8.0,1,False
org_008,EcoPulse Technologies,beneficiaries_reached,2023-10,15000.0,15000.0,1,False
org_008,EcoPulse Technologies,beneficiaries_reached,2024-04,80000.0,80000.0,1,False
org_008,EcoPulse Technologies,beneficiaries_reached,2024-10,80000.0,80000.0,1,False
org_008,EcoPulse Technologies,beneficiaries_reached,2025-10,2000.0,2000.0,1,False
org_008,EcoPulse Technologies,business_perf_rating,2024,8.0,8.0,1,False
org_008,EcoPulse Technologies,business_perf_rating,2025-04,8.0,8.0,1,False
org_008,EcoPulse Technologies,customer_count,2023-05,3.0,3.0,1,False
org_008,EcoPulse Technologies,customer_count,2023-10,3.0,3.0,1,False
org_008,EcoPulse Technologies,customer_count,2024-04,5.0,5.0,1,False
org_008,EcoPulse Technologies,customer_count,2025-04,5000.0,5000.0,1,False
org_008,EcoPulse Technologies,fte_count,2022-10,12.0,12.0,1,False
org_008,EcoPulse Technologies,fte_count,2023-05,13.0,13.0,1,False
org_008,EcoPulse Technologies,fte_count,2023-10,11.5,13.0,2,False
org_008,EcoPulse Technologies,fte_count,2025-04,12.0,12.0,1,False
org_008,EcoPulse Technologies,funding_total,2022-10,150000.0,150000.0,1,False
org_008,EcoPulse Technologies,funding_total,2023-05,250000.0,250000.0,1,False
org_008,EcoPulse Technologies,funding_total,2023-10,175000.0,250000.0,2,False
org_008,EcoPulse Technologies,funding_total,2024-06,300000.0,300000.0,1,False
org_008,EcoPulse Technologies,funding_total,2025-04,100000.0,100000.0,1,False
org_008,EcoPulse Technologies,health_hygiene_engaged,2025-04,0.0,0.0,1,False
org_008,EcoPulse Technologies,health_hygiene_impact,2025-04,1000.0,1000.0,1,False
org_008,EcoPulse Technologies,health_hygiene_informed,2025-04,1000.0,1000.0,1,False
org_008,EcoPulse Technologies,health_hygiene_outcomes,2025-04,1000.0,1000.0,1,False
org_008,EcoPulse Technologies,health_hygiene_societal,2025-04,1000.0,1000.0,1,False
org_008,EcoPulse Technologies,monthly_revenue,2023,10000.0,10000.0,1,False
org_008,EcoPulse Technologies,monthly_revenue,2025-10,10000.0,10000.0,1,False
org_008,EcoPulse Technologies,nps_recommend,2025-04,8.0,8.0,1,False
org_008,EcoPulse Technologies,pct_women_reached,2025-10,50.0,50.0,1,False
org_008,EcoPulse Technologies,runway_months,2025-04,0.0,0.0,1,False
org_035,EcoSprout Enterprises,beneficiaries_reached,2025-2026,127500.0,127500.0,1,False
org_035,EcoSprout Enterprises,business_perf_rating,2025-2026,4.0,4.0,1,False
org_035,EcoSprout Enterprises,business_perf_rating,2026-05,9.0,9.0,1,False
org_035,EcoSprout Enterprises,confidence_rating,2025-2026,4.0,4.0,1,False
org_035,EcoSprout Enterprises,customer_count,2026-05,74500.0,74500.0,1,False
org_035,EcoSprout Enterprises,fte_count,2026-05,15.0,15.0,1,False
org_035,EcoSprout Enterprises,funding_total,2025-2026,1000000.0,1000000.0,1,False
org_035,EcoSprout Enterprises,funding_total,2026-05,0.0,0.0,1,False
org_035,EcoSprout Enterprises,health_hygiene_engaged,2026-05,4200.0,4200.0,1,False
org_035,EcoSprout Enterprises,health_hygiene_impact,2026-05,129850.0,129850.0,1,False
org_035,EcoSprout Enterprises,health_hygiene_informed,2026-05,14000.0,14000.0,1,False
org_035,EcoSprout Enterprises,monthly_expenses,2025-2026,12000.0,12000.0,1,False
org_035,EcoSprout Enterprises,monthly_expenses,2026-05,15200.0,15200.0,1,False
org_035,EcoSprout Enterprises,monthly_revenue,2024,18500.0,18500.0,1,False
org_035,EcoSprout Enterprises,monthly_revenue,2025-2026,18000.0,18000.0,1,False
org_035,EcoSprout Enterprises,pct_women_reached,2025-2026,72.0,72.0,1,False
org_035,EcoSprout Enterprises,runway_months,2025-2026,5.0,5.0,1,False
org_004,EverGreen Access,beneficiaries_reached,2022-09,20.0,20.0,1,False
org_004,EverGreen Access,beneficiaries_reached,2022-10,20.0,20.0,1,False
org_004,EverGreen Access,beneficiaries_reached,2023-05,20.0,20.0,1,False
org_004,EverGreen Access,beneficiaries_reached,2023-10,1.0,1.0,1,False
org_004,EverGreen Access,beneficiaries_reached,2024-04,22.0,22.0,1,False
org_004,EverGreen Access,beneficiaries_reached,2024-10,20.0,20.0,1,False
org_004,EverGreen Access,business_perf_rating,2023-10,5.0,5.0,1,False
org_004,EverGreen Access,business_perf_rating,2024,2.0,2.0,1,False
org_004,EverGreen Access,business_perf_rating,2024-04,3.0,3.0,1,False
org_004,EverGreen Access,business_perf_rating,2025-04,6.0,6.0,1,False
org_004,EverGreen Access,confidence_rating,2023-04,4.0,4.0,2,False
org_004,EverGreen Access,confidence_rating,2024-04,4.0,4.0,1,False
org_004,EverGreen Access,customer_count,2024-04,1.0,1.0,1,False
org_004,EverGreen Access,customer_count,2025-04,2.0,2.0,1,False
org_004,EverGreen Access,ebitda,2022-09,192154.0,192154.0,1,False
org_004,EverGreen Access,ebitda,2022-10,-215314.0,-215314.0,1,False
org_004,EverGreen Access,ebitda,2023-05,600000.0,600000.0,1,False
org_004,EverGreen Access,fte_count,2022-09,4.0,4.0,1,False
org_004,EverGreen Access,fte_count,2022-10,4.0,4.0,1,False
org_004,EverGreen Access,fte_count,2023-04,4.0,4.0,1,False
org_004,EverGreen Access,fte_count,2023-05,4.0,4.0,1,False
org_004,EverGreen Access,fte_count,2023-10,4.0,4.0,1,False
org_004,EverGreen Access,fte_count,2024-04,4.0,4.0,1,False
org_004,EverGreen Access,fte_count,2025-04,3.0,3.0,1,False
org_004,EverGreen Access,funding_total,2022-10,55000.0,55000.0,1,False
org_004,EverGreen Access,funding_total,2023-05,55000.0,55000.0,1,False
org_004,EverGreen Access,funding_total,2023-10,55000.0,55000.0,1,False
org_004,EverGreen Access,funding_total,2024-04,600000.0,600000.0,1,False
org_004,EverGreen Access,funding_total,2025-04,8000.0,8000.0,1,False
org_004,EverGreen Access,health_hygiene_engaged,2025-04,27.0,27.0,1,False
org_004,EverGreen Access,health_hygiene_impact,2025-04,700.0,700.0,1,False
org_004,EverGreen Access,health_hygiene_informed,2025-04,0.0,0.0,1,False
org_004,EverGreen Access,health_hygiene_outcomes,2025-04,700.0,700.0,1,False
org_004,EverGreen Access,health_hygiene_societal,2025-04,700.0,700.0,1,False
org_004,EverGreen Access,jobs_created,2022-09,45.5,87.0,2,False
org_004,EverGreen Access,jobs_created,2023-04,49.5,95.0,2,False
org_004,EverGreen Access,jobs_created,2024-04,3.0,3.0,1,False
org_004,EverGreen Access,monthly_revenue,2022,0.0,0.0,1,False
org_004,EverGreen Access,monthly_revenue,2023,6041.0,7545.0,2,False
org_004,EverGreen Access,net_profit,2022-09,192154.0,192154.0,1,False
org_004,EverGreen Access,net_profit,2022-10,-215314.0,-215314.0,1,False
org_004,EverGreen Access,net_profit,2023-05,30000.0,30000.0,1,False
org_004,EverGreen Access,nps_recommend,2023-04,10.0,10.0,2,False
org_004,EverGreen Access,nps_recommend,2025-04,9.0,9.0,1,False
org_004,EverGreen Access,revenue_actuals,2022-09,2013399.0,2013399.0,1,False
org_004,EverGreen Access,revenue_actuals,2022-10,1537013.0,1537013.0,1,False
org_004,EverGreen Access,revenue_actuals,2023-05,1011000.0,1011000.0,1,False
org_004,EverGreen Access,runway_months,2025-04,4.0,4.0,1,False
org_067,Fernhill Innovations,beneficiaries_reached,2024-10,130000.0,130000.0,1,False
org_067,Fernhill Innovations,beneficiaries_reached,2025-10,250000.0,250000.0,1,False
org_067,Fernhill Innovations,monthly_revenue,2025-10,123767.0,123767.0,1,False
org_067,Fernhill Innovations,pct_women_reached,2025-10,50.0,50.0,1,False
org_067,Fernhill Innovations,runway_months,2025-10,24.0,24.0,1,False
org_006,FreshStart Enterprises,beneficiaries_reached,2022-09,120000.0,120000.0,1,False
org_006,FreshStart Enterprises,beneficiaries_reached,2022-10,180000.0,180000.0,1,False
org_006,FreshStart Enterprises,beneficiaries_reached,2023-04,150000.0,150000.0,1,False
org_006,FreshStart Enterprises,beneficiaries_reached,2023-05,221000.0,221000.0,1,False
org_006,FreshStart Enterprises,beneficiaries_reached,2023-10,221000.0,221000.0,1,False
org_006,FreshStart Enterprises,beneficiaries_reached,2024-04,233000.0,233000.0,1,False
org_006,FreshStart Enterprises,beneficiaries_reached,2024-10,165316.0,165316.0,1,False
org_006,FreshStart Enterprises,beneficiaries_reached,2025-10,187112.0,187112.0,1,False
org_006,FreshStart Enterprises,business_perf_rating,2023-10,4.0,4.0,1,False
org_006,FreshStart Enterprises,business_perf_rating,2024,10.0,10.0,1,False
org_006,FreshStart Enterprises,business_perf_rating,2024-04,5.0,5.0,1,False
org_006,FreshStart Enterprises,confidence_rating,2023-04,5.0,5.0,2,False
org_006,FreshStart Enterprises,confidence_rating,2024-04,4.0,4.0,1,False
org_006,FreshStart Enterprises,customer_count,2024-04,9.0,9.0,1,False
org_006,FreshStart Enterprises,ebitda,2022-09,590606.63,590606.63,1,False
org_006,FreshStart Enterprises,ebitda,2022-10,4598655.56,4598655.56,1,False
org_006,FreshStart Enterprises,ebitda,2023-05,369992.0,369992.0,1,False
org_006,FreshStart Enterprises,fte_count,2022-09,8.0,8.0,1,False
org_006,FreshStart Enterprises,fte_count,2022-10,8.0,8.0,1,False
org_006,FreshStart Enterprises,fte_count,2023-04,16.0,16.0,1,False
org_006,FreshStart Enterprises,fte_count,2023-05,12.0,12.0,1,False
org_006,FreshStart Enterprises,fte_count,2023-10,16.0,16.0,1,False
org_006,FreshStart Enterprises,fte_count,2024-04,22.0,22.0,1,False
org_006,FreshStart Enterprises,funding_total,2022-10,400000.0,400000.0,1,False
org_006,FreshStart Enterprises,funding_total,2023-05,800000.0,800000.0,1,False
org_006,FreshStart Enterprises,funding_total,2023-10,800000.0,800000.0,1,False
org_006,FreshStart Enterprises,funding_total,2024-04,7000000.0,7000000.0,1,False
org_006,FreshStart Enterprises,jobs_created,2022-09,10.0,12.0,2,False
org_006,FreshStart Enterprises,jobs_created,2023-04,17.0,18.0,2,False
org_006,FreshStart Enterprises,jobs_created,2024-04,130.0,130.0,1,False
org_006,FreshStart Enterprises,livelihoods_improved,2022-09,60.0,60.0,1,False
org_006,FreshStart Enterprises,livelihoods_improved,2023-04,90.0,90.0,1,False
org_006,FreshStart Enterprises,monthly_revenue,2022,45000.0,45000.0,1,False
org_006,FreshStart Enterprises,monthly_revenue,2023,40000.0,40000.0,1,False
org_006,FreshStart Enterprises,monthly_revenue,2025-10,1250000.0,1250000.0,1,False
org_006,FreshStart Enterprises,net_profit,2022-09,425236.32,425236.32,1,False
org_006,FreshStart Enterprises,net_profit,2022-10,3311031.0,3311031.0,1,False
org_006,FreshStart Enterprises,net_profit,2023-05,369992.0,369992.0,1,False
org_006,FreshStart Enterprises,nps_recommend,2023-04,10.0,10.0,2,False
org_006,FreshStart Enterprises,pct_women_reached,2025-10,54.0,54.0,1,False
org_006,FreshStart Enterprises,revenue_actuals,2022-09,4334387.67,4334387.67,1,False
org_006,FreshStart Enterprises,revenue_actuals,2022-10,7498870.81,7498870.81,1,False
org_006,FreshStart Enterprises,revenue_actuals,2023-05,8367776.0,8367776.0,1,False
org_006,FreshStart Enterprises,runway_months,2025-10,2.0,2.0,1,False
org_006,FreshStart Enterprises,wash_access_improved,2022-09,120000.0,120000.0,1,False
org_006,FreshStart Enterprises,wash_access_improved,2023-04,150000.0,150000.0,1,False
org_031,FreshWave Solutions,beneficiaries_reached,2025-10,52370.0,52370.0,1,False
org_031,FreshWave Solutions,business_perf_rating,2025-04,8.0,8.0,2,False
org_031,FreshWave Solutions,customer_count,2025-04,120000.0,120000.0,1,False
org_031,FreshWave Solutions,fte_count,2024-10,22.0,22.0,1,False
org_031,FreshWave Solutions,fte_count,2025-04,5.0,5.0,1,False
org_031,FreshWave Solutions,health_hygiene_engaged,2025-05,0.0,0.0,1,False
org_031,FreshWave Solutions,health_hygiene_impact,2025-05,800000.0,800000.0,1,False
org_031,FreshWave Solutions,health_hygiene_informed,2024-10,0.0,0.0,1,False
org_031,FreshWave Solutions,health_hygiene_informed,2025-05,800000.0,800000.0,1,False
org_031,FreshWave Solutions,health_hygiene_outcomes,2025-05,800000.0,800000.0,1,False
org_031,FreshWave Solutions,health_hygiene_societal,2025-05,800000.0,800000.0,1,False
org_031,FreshWave Solutions,monthly_revenue,2023,16169.0,16169.0,1,False
org_031,FreshWave Solutions,monthly_revenue,2025-10,22000.0,22000.0,1,False
org_031,FreshWave Solutions,nps_recommend,2025-04,10.0,10.0,1,False
org_031,FreshWave Solutions,pct_women_reached,2025-10,100.0,100.0,1,False
org_031,FreshWave Solutions,runway_months,2025-04,1.5,1.5,1,False
org_031,FreshWave Solutions,runway_months,2025-10,0.0,0.0,1,False
org_039,GreenLeaf Ventures,beneficiaries_reached,2025-2026,1500000.0,1500000.0,1,False
org_039,GreenLeaf Ventures,business_perf_rating,2025-2026,3.0,3.0,1,False
org_039,GreenLeaf Ventures,business_perf_rating,2026-05,9.0,9.0,1,False
org_039,GreenLeaf Ventures,confidence_rating,2025-2026,4.0,4.0,1,False
org_039,GreenLeaf Ventures,customer_count,2026-05,700.0,700.0,1,False
org_039,GreenLeaf Ventures,fte_count,2025-2026,22.0,22.0,1,False
org_039,GreenLeaf Ventures,fte_count,2026-05,16.0,16.0,1,False
org_039,GreenLeaf Ventures,funding_total,2025-2026,5000000.0,5000000.0,1,False
org_039,GreenLeaf Ventures,health_hygiene_engaged,2026-05,0.0,0.0,1,False
org_039,GreenLeaf Ventures,health_hygiene_impact,2026-05,0.0,0.0,1,False
org_039,GreenLeaf Ventures,health_hygiene_informed,2026-05,0.0,0.0,1,False
org_039,GreenLeaf Ventures,monthly_expenses,2025-2026,40000.0,40000.0,1,False
org_039,GreenLeaf Ventures,monthly_expenses,2026-05,35000.0,35000.0,1,False
org_039,GreenLeaf Ventures,monthly_revenue,2024,119048.0,119048.0,1,False
org_039,GreenLeaf Ventures,monthly_revenue,2025-2026,83000.0,83000.0,1,False
org_039,GreenLeaf Ventures,pct_women_reached,2025-2026,65.0,65.0,1,False
org_039,GreenLeaf Ventures,runway_months,2025-2026,8.0,8.0,1,False
org_045,GreenTide Innovations,beneficiaries_reached,2025-2026,32517.0,32517.0,1,False
org_045,GreenTide Innovations,business_perf_rating,2025-2026,4.0,4.0,1,False
org_045,GreenTide Innovations,business_perf_rating,2026-05,10.0,10.0,1,False
org_045,GreenTide Innovations,confidence_rating,2025-2026,4.0,4.0,1,False
org_045,GreenTide Innovations,customer_count,2026-05,8274.0,8274.0,1,False
org_045,GreenTide Innovations,fte_count,2026-05,15.0,15.0,1,False
org_045,GreenTide Innovations,funding_total,2025-2026,750000.0,750000.0,1,False
org_045,GreenTide Innovations,funding_total,2026-05,125000.0,125000.0,1,False
org_045,GreenTide Innovations,health_hygiene_engaged,2026-05,33098.0,33098.0,1,False
org_045,GreenTide Innovations,health_hygiene_impact,2026-05,33098.0,33098.0,1,False
org_045,GreenTide Innovations,health_hygiene_informed,2026-05,7400000.0,7400000.0,1,False
org_045,GreenTide Innovations,monthly_expenses,2025-2026,5690.0,5690.0,1,False
org_045,GreenTide Innovations,monthly_expenses,2026-05,14000.0,14000.0,1,False
org_045,GreenTide Innovations,monthly_revenue,2024,16800.0,16800.0,1,False
org_045,GreenTide Innovations,monthly_revenue,2025-2026,19532.0,19532.0,1,False
org_045,GreenTide Innovations,pct_women_reached,2025-2026,100.0,100.0,1,False
org_011,GreenWave Enterprises,beneficiaries_reached,2023-10,23000.0,23000.0,1,False
org_011,GreenWave Enterprises,beneficiaries_reached,2024-04,27000.0,27000.0,1,False
org_011,GreenWave Enterprises,beneficiaries_reached,2025-05,40351.0,40351.0,1,False
org_011,GreenWave Enterprises,beneficiaries_reached,2025-10,41616.0,41616.0,1,False
org_011,GreenWave Enterprises,business_perf_rating,2024,7.0,7.0,1,False
org_011,GreenWave Enterprises,customer_count,2023-05,18.0,18.0,1,False
org_011,GreenWave Enterprises,customer_count,2023-10,22.0,22.0,1,False
org_011,GreenWave Enterprises,customer_count,2024-04,23.0,23.0,1,False
org_011,GreenWave Enterprises,fte_count,2022-10,12.0,12.0,1,False
org_011,GreenWave Enterprises,fte_count,2023-05,15.0,15.0,1,False
org_011,GreenWave Enterprises,fte_count,2023-10,17.0,18.0,2,False
org_011,GreenWave Enterprises,funding_total,2022-10,100000.0,100000.0,1,False
org_011,GreenWave Enterprises,funding_total,2023-05,250000.0,250000.0,1,False
org_011,GreenWave Enterprises,funding_total,2023-10,475000.0,500000.0,2,False
org_011,GreenWave Enterprises,funding_total,2024-06,1950477.49,1950477.49,1,False
org_011,GreenWave Enterprises,monthly_revenue,2025-10,28428.09,28428.09,1,False
org_011,GreenWave Enterprises,pct_women_reached,2025-04,52.0,52.0,1,False
org_011,GreenWave Enterprises,pct_women_reached,2025-10,52.0,52.0,1,False
org_011,GreenWave Enterprises,runway_months,2025-10,5.0,5.0,1,False
org_034,HopeWell Initiative,beneficiaries_reached,2025-2026,240068.0,240068.0,1,False
org_034,HopeWell Initiative,business_perf_rating,2025-2026,3.0,3.0,1,False
org_034,HopeWell Initiative,business_perf_rating,2026-05,6.0,6.0,1,False
org_034,HopeWell Initiative,confidence_rating,2025-2026,4.0,4.0,1,False
org_034,HopeWell Initiative,customer_count,2026-05,906.0,906.0,1,False
org_034,HopeWell Initiative,fte_count,2025-2026,112.0,112.0,1,False
org_034,HopeWell Initiative,fte_count,2026-05,60.0,60.0,1,False
org_034,HopeWell Initiative,funding_total,2025-2026,3600000.0,3600000.0,1,False
org_034,HopeWell Initiative,health_hygiene_engaged,2026-05,28900000.0,28900000.0,1,True
org_034,HopeWell Initiative,health_hygiene_impact,2026-05,14500000.0,14500000.0,1,False
org_034,HopeWell Initiative,monthly_expenses,2025-2026,10000.0,10000.0,1,False
org_034,HopeWell Initiative,monthly_expenses,2026-05,16602.0,16602.0,1,False
org_034,HopeWell Initiative,monthly_revenue,2024,35000.0,35000.0,1,False
org_034,HopeWell Initiative,monthly_revenue,2025-2026,24819.0,24819.0,1,False
org_034,HopeWell Initiative,pct_women_reached,2025-2026,55.0,55.0,1,False
org_034,HopeWell Initiative,runway_months,2025-2026,4.0,4.0,1,False
org_034,HopeWell Initiative,valuation,2025-2026,15000000.0,15000000.0,1,False
org_007,HydroGuard Solutions,beneficiaries_reached,2023-10,200000.0,200000.0,1,False
org_007,HydroGuard Solutions,beneficiaries_reached,2024-04,238380.0,238380.0,1,False
org_007,HydroGuard Solutions,beneficiaries_reached,2024-10,289979.0,289979.0,1,False
org_007,HydroGuard Solutions,beneficiaries_reached,2025-05,300000.0,300000.0,1,False
org_007,HydroGuard Solutions,beneficiaries_reached,2025-10,300000.0,300000.0,1,False
org_007,HydroGuard Solutions,business_perf_rating,2024,10.0,10.0,1,False
org_007,HydroGuard Solutions,customer_count,2023-05,4000.0,4000.0,1,False
org_007,HydroGuard Solutions,customer_count,2023-10,4000.0,4000.0,1,False
org_007,HydroGuard Solutions,customer_count,2024-04,4315.0,4315.0,1,False
org_007,HydroGuard Solutions,fte_count,2022-10,3.0,3.0,1,False
org_007,HydroGuard Solutions,fte_count,2023-05,5.0,5.0,1,False
org_007,HydroGuard Solutions,fte_count,2023-10,6.0,6.0,2,False
org_007,HydroGuard Solutions,funding_total,2022-10,0.0,0.0,1,False
org_007,HydroGuard Solutions,funding_total,2023-05,0.0,0.0,1,False
org_007,HydroGuard Solutions,funding_total,2023-10,0.0,0.0,2,False
org_007,HydroGuard Solutions,funding_total,2024-06,0.0,0.0,1,False
org_007,HydroGuard Solutions,monthly_revenue,2025-10,10000.0,10000.0,1,False
org_007,HydroGuard Solutions,pct_women_reached,2025-04,50.0,50.0,1,False
org_042,HydroHarvest Collective,beneficiaries_reached,2025-2026,2000.0,2000.0,1,False
org_042,HydroHarvest Collective,business_perf_rating,2025-2026,4.0,4.0,1,False
org_042,HydroHarvest Collective,business_perf_rating,2026-05,7.0,7.0,1,False
org_042,HydroHarvest Collective,confidence_rating,2025-2026,3.0,3.0,1,False
org_042,HydroHarvest Collective,customer_count,2026-05,500.0,500.0,1,False
org_042,HydroHarvest Collective,fte_count,2026-05,2.0,2.0,1,False
org_042,HydroHarvest Collective,funding_total,2026-05,0.0,0.0,1,False
org_042,HydroHarvest Collective,health_hygiene_engaged,2026-05,1000.0,1000.0,1,False
org_042,HydroHarvest Collective,health_hygiene_impact,2026-05,1500.0,1500.0,1,False
org_042,HydroHarvest Collective,health_hygiene_informed,2026-05,4000.0,4000.0,1,False
org_042,HydroHarvest Collective,monthly_expenses,2025-2026,1500.0,1500.0,1,False
org_042,HydroHarvest Collective,monthly_expenses,2026-05,5000.0,5000.0,1,False
org_042,HydroHarvest Collective,monthly_revenue,2024,4500.0,4500.0,1,False
org_042,HydroHarvest Collective,monthly_revenue,2025-2026,4500.0,4500.0,1,False
org_042,HydroHarvest Collective,pct_women_reached,2025-2026,100.0,100.0,1,False
org_042,HydroHarvest Collective,runway_months,2025-2026,6.0,6.0,1,False
org_064,Larkspur Health Network,beneficiaries_reached,2025-10,4000000.0,4000000.0,1,False
org_064,Larkspur Health Network,monthly_revenue,2025-10,350000.0,350000.0,1,False
org_064,Larkspur Health Network,pct_women_reached,2025-10,52.0,52.0,1,False
org_064,Larkspur Health Network,runway_months,2025-10,6.0,6.0,1,False
org_026,LifeSpring Innovations,beneficiaries_reached,2025-10,3350.0,3350.0,1,False
org_026,LifeSpring Innovations,business_perf_rating,2025-04,9.0,10.0,2,False
org_026,LifeSpring Innovations,customer_count,2025-04,1800.0,1800.0,1,False
org_026,LifeSpring Innovations,fte_count,2024-10,22.0,22.0,1,False
org_026,LifeSpring Innovations,fte_count,2025-04,44.0,44.0,1,False
org_026,LifeSpring Innovations,health_hygiene_engaged,2024-10,438000.0,438000.0,1,False
org_026,LifeSpring Innovations,health_hygiene_engaged,2025-05,681543.0,681543.0,1,False
org_026,LifeSpring Innovations,health_hygiene_impact,2025-05,681543.0,681543.0,1,False
org_026,LifeSpring Innovations,health_hygiene_impact,2025-10,438000.0,438000.0,1,False
org_026,LifeSpring Innovations,health_hygiene_informed,2024-10,438000.0,438000.0,1,False
org_026,LifeSpring Innovations,health_hygiene_informed,2025-05,681543.0,681543.0,1,False
org_026,LifeSpring Innovations,health_hygiene_outcomes,2024-10,438000.0,438000.0,1,False
org_026,LifeSpring Innovations,health_hygiene_outcomes,2025-05,681543.0,681543.0,1,False
org_026,LifeSpring Innovations,health_hygiene_societal,2024-10,438000.0,438000.0,1,False
org_026,LifeSpring Innovations,health_hygiene_societal,2025-05,681543.0,681543.0,1,False
org_026,LifeSpring Innovations,monthly_revenue,2023,2637.0,2637.0,1,False
org_026,LifeSpring Innovations,monthly_revenue,2025-10,4686.41,4686.41,1,False
org_026,LifeSpring Innovations,nps_recommend,2025-04,10.0,10.0,1,False
org_026,LifeSpring Innovations,pct_women_reached,2025-10,40.0,40.0,1,False
org_026,LifeSpring Innovations,runway_months,2025-04,4.0,4.0,1,False
org_026,LifeSpring Innovations,runway_months,2025-10,3.0,3.0,1,False
org_056,Meadowlight Ventures,beneficiaries_reached,2025-10,52000.0,52000.0,1,False
org_056,Meadowlight Ventures,monthly_revenue,2025-10,5000.0,5000.0,1,False
org_056,Meadowlight Ventures,pct_women_reached,2025-10,30.0,30.0,1,False
org_056,Meadowlight Ventures,runway_months,2025-10,12.0,12.0,1,False
org_023,Musa Garba,beneficiaries_reached,2023-09,600.0,600.0,1,False
org_023,Musa Garba,beneficiaries_reached,2024-04,610.0,610.0,1,False
org_023,Musa Garba,business_perf_rating,2024-03,5.0,5.0,1,False
org_023,Musa Garba,confidence_rating,2024-03,5.0,5.0,1,False
org_023,Musa Garba,customer_count,2023-09,0.0,0.0,1,False
org_023,Musa Garba,customer_count,2024-04,0.0,0.0,1,False
org_023,Musa Garba,fte_count,2023-09,10.0,10.0,1,False
org_023,Musa Garba,fte_count,2024-04,11.0,11.0,1,False
org_023,Musa Garba,funding_total,2023-09,22000.0,22000.0,1,False
org_023,Musa Garba,funding_total,2024-04,28000.0,28000.0,1,False
org_023,Musa Garba,monthly_revenue,2022,1000.0,1000.0,1,False
org_046,NewLeaf Impact Group,beneficiaries_reached,2025-2026,2000000.0,2000000.0,1,False
org_046,NewLeaf Impact Group,business_perf_rating,2025-2026,4.0,4.0,1,False
org_046,NewLeaf Impact Group,business_perf_rating,2026-05,8.0,8.0,1,False
org_046,NewLeaf Impact Group,confidence_rating,2025-2026,4.0,4.0,1,False
org_046,NewLeaf Impact Group,customer_count,2026-05,0.0,0.0,1,False
org_046,NewLeaf Impact Group,fte_count,2025-2026,30.0,30.0,1,False
org_046,NewLeaf Impact Group,fte_count,2026-05,30.0,30.0,1,False
org_046,NewLeaf Impact Group,health_hygiene_engaged,2026-05,29.0,29.0,1,False
org_046,NewLeaf Impact Group,health_hygiene_impact,2026-05,2000000.0,2000000.0,1,False
org_046,NewLeaf Impact Group,health_hygiene_informed,2026-05,0.0,0.0,1,False
org_046,NewLeaf Impact Group,monthly_expenses,2025-2026,100000.0,100000.0,1,False
org_046,NewLeaf Impact Group,monthly_expenses,2026-05,0.0,0.0,1,False
org_046,NewLeaf Impact Group,monthly_revenue,2024,171847.0,171847.0,1,False
org_046,NewLeaf Impact Group,monthly_revenue,2025-2026,59000.0,59000.0,1,False
org_046,NewLeaf Impact Group,pct_women_reached,2025-2026,0.0,0.0,1,False
org_046,NewLeaf Impact Group,runway_months,2025-2026,0.0,0.0,1,False
org_019,Nkemdirim Obasi,beneficiaries_reached,2023-09,1000.0,1000.0,1,False
org_019,Nkemdirim Obasi,beneficiaries_reached,2024-04,1000.0,1000.0,1,False
org_019,Nkemdirim Obasi,business_perf_rating,2024-03,4.0,4.0,1,False
org_019,Nkemdirim Obasi,confidence_rating,2024-03,5.0,5.0,1,False
org_019,Nkemdirim Obasi,customer_count,2023-09,0.0,0.0,1,False
org_019,Nkemdirim Obasi,customer_count,2024-04,0.0,0.0,1,False
org_019,Nkemdirim Obasi,fte_count,2023-09,3.0,3.0,1,False
org_019,Nkemdirim Obasi,fte_count,2024-04,3.0,3.0,1,False
org_019,Nkemdirim Obasi,funding_total,2023-09,5300.0,5300.0,1,False
org_019,Nkemdirim Obasi,funding_total,2024-04,8000.0,8000.0,1,False
org_019,Nkemdirim Obasi,monthly_revenue,2022,441.6,441.6,1,False
org_050,NovaCare Foundation,beneficiaries_reached,2025-2026,517000.0,517000.0,1,False
org_050,NovaCare Foundation,business_perf_rating,2025-2026,4.0,4.0,1,False
org_050,NovaCare Foundation,business_perf_rating,2026-05,7.0,7.0,1,False
org_050,NovaCare Foundation,confidence_rating,2025-2026,4.0,4.0,1,False
org_050,NovaCare Foundation,customer_count,2026-05,254299.0,254299.0,1,False
org_050,NovaCare Foundation,fte_count,2026-05,15.0,15.0,1,False
org_050,NovaCare Foundation,funding_total,2025-2026,2700000.0,2700000.0,1,False
org_050,NovaCare Foundation,funding_total,2026-05,0.0,0.0,1,False
org_050,NovaCare Foundation,health_hygiene_engaged,2026-05,375.0,375.0,1,False
org_050,NovaCare Foundation,health_hygiene_impact,2026-05,2800000.0,2800000.0,1,False
org_050,NovaCare Foundation,health_hygiene_informed,2026-05,2800000.0,2800000.0,1,False
org_050,NovaCare Foundation,monthly_expenses,2025-2026,17000.0,17000.0,1,False
org_050,NovaCare Foundation,monthly_expenses,2026-05,19966.0,19966.0,1,False
org_050,NovaCare Foundation,monthly_revenue,2024,27625.0,27625.0,1,False
org_050,NovaCare Foundation,monthly_revenue,2025-2026,29000.0,29000.0,1,False
org_050,NovaCare Foundation,pct_women_reached,2025-2026,65.0,65.0,1,False
org_050,NovaCare Foundation,runway_months,2025-2026,12.0,12.0,1,False
org_014,NovaWell Technologies,beneficiaries_reached,2023-09,19000.0,19000.0,1,False
org_014,NovaWell Technologies,beneficiaries_reached,2024-04,35000.0,35000.0,1,False
org_014,NovaWell Technologies,beneficiaries_reached,2024-10,30000.0,30000.0,1,False
org_014,NovaWell Technologies,business_perf_rating,2024-03,4.0,4.0,1,False
org_014,NovaWell Technologies,business_perf_rating,2024-10,10.0,10.0,2,False
org_014,NovaWell Technologies,business_perf_rating,2025-04,10.0,10.0,1,False
org_014,NovaWell Technologies,confidence_rating,2024-03,5.0,5.0,1,False
org_014,NovaWell Technologies,confidence_rating,2024-10,10.0,10.0,1,False
org_014,NovaWell Technologies,customer_count,2023-09,6500.0,6500.0,1,False
org_014,NovaWell Technologies,customer_count,2023-10,7500.0,7500.0,1,False
org_014,NovaWell Technologies,customer_count,2024-04,17000.0,17000.0,1,False
org_014,NovaWell Technologies,customer_count,2024-10,29000.0,29000.0,1,False
org_014,NovaWell Technologies,customer_count,2025-04,64000.0,64000.0,1,False
org_014,NovaWell Technologies,fte_count,2023-09,9.0,9.0,1,False
org_014,NovaWell Technologies,fte_count,2023-10,15.0,15.0,1,False
org_014,NovaWell Technologies,fte_count,2024-04,13.0,13.0,1,False
org_014,NovaWell Technologies,fte_count,2024-10,15.0,15.0,1,False
org_014,NovaWell Technologies,fte_count,2025-04,25.0,25.0,1,False
org_014,NovaWell Technologies,funding_total,2023-09,145000.0,145000.0,1,False
org_014,NovaWell Technologies,funding_total,2023-10,65000.0,65000.0,1,False
org_014,NovaWell Technologies,funding_total,2024-04,172000.0,172000.0,1,False
org_014,NovaWell Technologies,funding_total,2024-10,500000.0,500000.0,1,False
org_014,NovaWell Technologies,funding_total,2025-04,250000.0,250000.0,1,False
org_014,NovaWell Technologies,health_hygiene_engaged,2025-04,1400.0,1400.0,1,False
org_014,NovaWell Technologies,health_hygiene_engaged,2025-05,800.0,800.0,1,False
org_014,NovaWell Technologies,health_hygiene_impact,2024-10,800.0,800.0,1,False
org_014,NovaWell Technologies,health_hygiene_impact,2025-04,1400.0,1400.0,1,False
org_014,NovaWell Technologies,health_hygiene_informed,2024-10,7000.0,7000.0,1,False
org_014,NovaWell Technologies,health_hygiene_informed,2025-04,11000.0,11000.0,1,False
org_014,NovaWell Technologies,health_hygiene_outcomes,2024-10,800.0,800.0,1,False
org_014,NovaWell Technologies,health_hygiene_outcomes,2025-04,1400.0,1400.0,1,False
org_014,NovaWell Technologies,health_hygiene_societal,2024-10,35000.0,35000.0,1,False
org_014,NovaWell Technologies,health_hygiene_societal,2025-04,54000.0,54000.0,1,False
org_014,NovaWell Technologies,monthly_revenue,2021,8000.0,8000.0,1,False
org_014,NovaWell Technologies,monthly_revenue,2022,4000.0,4000.0,1,False
org_014,NovaWell Technologies,monthly_revenue,2023,25000.0,25000.0,2,False
org_014,NovaWell Technologies,nps_recommend,2025-04,10.0,10.0,1,False
org_057,Novaterra Solutions,beneficiaries_reached,2025-10,110000.0,110000.0,1,False
org_057,Novaterra Solutions,monthly_revenue,2025-10,60500.0,60500.0,1,False
org_057,Novaterra Solutions,pct_women_reached,2025-10,66.0,66.0,1,False
org_057,Novaterra Solutions,runway_months,2025-10,3.0,3.0,1,False
org_062,Palmbrook Innovations,beneficiaries_reached,2025-10,7893000.0,7893000.0,1,False
org_062,Palmbrook Innovations,monthly_revenue,2025-10,147000.0,147000.0,1,False
org_062,Palmbrook Innovations,pct_women_reached,2025-10,67.0,67.0,1,False
org_003,PureCircle Innovations,beneficiaries_reached,2022-09,2500.0,2500.0,1,False
org_003,PureCircle Innovations,beneficiaries_reached,2022-10,0.0,0.0,1,False
org_003,PureCircle Innovations,beneficiaries_reached,2023-04,500.0,500.0,1,False
org_003,PureCircle Innovations,beneficiaries_reached,2023-05,0.0,0.0,1,False
org_003,PureCircle Innovations,beneficiaries_reached,2023-10,2800.0,2800.0,1,False
org_003,PureCircle Innovations,beneficiaries_reached,2024-04,1800.0,1800.0,1,False
org_003,PureCircle Innovations,beneficiaries_reached,2024-10,8000.0,8000.0,1,False
org_003,PureCircle Innovations,beneficiaries_reached,2025-05,150000.0,150000.0,1,False
org_003,PureCircle Innovations,beneficiaries_reached,2025-10,160000.0,160000.0,1,False
org_003,PureCircle Innovations,business_perf_rating,2023-10,4.0,4.0,1,False
org_003,PureCircle Innovations,business_perf_rating,2024,9.0,9.0,1,False
org_003,PureCircle Innovations,business_perf_rating,2024-04,4.0,4.0,1,False
org_003,PureCircle Innovations,confidence_rating,2023-04,4.333333333333333,5.0,3,False
org_003,PureCircle Innovations,confidence_rating,2024-04,5.0,5.0,1,False
org_003,PureCircle Innovations,customer_count,2024-04,120.0,120.0,1,False
org_003,PureCircle Innovations,ebitda,2022-09,7.0,7.0,1,False
org_003,PureCircle Innovations,ebitda,2022-10,1.0,1.0,1,False
org_003,PureCircle Innovations,ebitda,2023-05,15036673.0,15036673.0,1,False
org_003,PureCircle Innovations,fte_count,2022-09,113.0,113.0,1,False
org_003,PureCircle Innovations,fte_count,2022-10,190.0,190.0,1,False
org_003,PureCircle Innovations,fte_count,2023-04,115.0,115.0,1,False
org_003,PureCircle Innovations,fte_count,2023-05,190.0,190.0,1,False
org_003,PureCircle Innovations,fte_count,2023-10,190.0,190.0,1,False
org_003,PureCircle Innovations,fte_count,2024-04,190.0,190.0,1,False
org_003,PureCircle Innovations,funding_total,2022-10,0.0,0.0,1,False
org_003,PureCircle Innovations,funding_total,2023-05,15000.0,15000.0,1,False
org_003,PureCircle Innovations,funding_total,2023-10,15000.0,15000.0,1,False
org_003,PureCircle Innovations,funding_total,2024-04,1200000.0,1200000.0,1,False
org_003,PureCircle Innovations,jobs_created,2022-09,90.0,120.0,2,False
org_003,PureCircle Innovations,jobs_created,2023-04,90.0,120.0,2,False
org_003,PureCircle Innovations,jobs_created,2024-04,47.0,47.0,1,False
org_003,PureCircle Innovations,livelihoods_improved,2022-09,101.0,101.0,1,False
org_003,PureCircle Innovations,livelihoods_improved,2023-04,500.0,500.0,1,False
org_003,PureCircle Innovations,monthly_revenue,2022,500000.0,500000.0,1,False
org_003,PureCircle Innovations,monthly_revenue,2023,0.0,0.0,1,False
org_003,PureCircle Innovations,monthly_revenue,2025-10,993.0,993.0,1,False
org_003,PureCircle Innovations,net_profit,2022-09,1.0,1.0,1,False
org_003,PureCircle Innovations,net_profit,2022-10,1.0,1.0,1,False
org_003,PureCircle Innovations,net_profit,2023-05,13413628.0,13413628.0,1,False
org_003,PureCircle Innovations,nps_recommend,2023-04,10.0,10.0,3,False
org_003,PureCircle Innovations,pct_women_reached,2025-04,60.0,60.0,1,False
org_003,PureCircle Innovations,pct_women_reached,2025-10,60.0,60.0,1,False
org_003,PureCircle Innovations,revenue_actuals,2022-09,26.0,26.0,1,False
org_003,PureCircle Innovations,revenue_actuals,2022-10,29.0,29.0,1,False
org_003,PureCircle Innovations,revenue_actuals,2023-05,56612563.0,56612563.0,1,False
org_003,PureCircle Innovations,wash_access_improved,2022-09,2500.0,2500.0,1,False
org_003,PureCircle Innovations,wash_access_improved,2023-04,2500.0,2500.0,1,False
org_041,PureFlow Innovations,beneficiaries_reached,2025-2026,50000.0,50000.0,1,False
org_041,PureFlow Innovations,business_perf_rating,2025-2026,4.0,4.0,1,False
org_041,PureFlow Innovations,business_perf_rating,2026-05,10.0,10.0,1,False
org_041,PureFlow Innovations,confidence_rating,2025-2026,5.0,5.0,1,False
org_041,PureFlow Innovations,customer_count,2026-05,1500.0,1500.0,1,False
org_041,PureFlow Innovations,fte_count,2026-05,32.0,32.0,1,False
org_041,PureFlow Innovations,funding_total,2025-2026,500000.0,500000.0,1,False
org_041,PureFlow Innovations,funding_total,2026-05,28000.0,28000.0,1,False
org_041,PureFlow Innovations,health_hygiene_engaged,2026-05,1500.0,1500.0,1,False
org_041,PureFlow Innovations,health_hygiene_impact,2026-05,200.0,200.0,1,False
org_041,PureFlow Innovations,health_hygiene_informed,2026-05,65000.0,65000.0,1,False
org_041,PureFlow Innovations,monthly_expenses,2025-2026,6800.0,6800.0,1,False
org_041,PureFlow Innovations,monthly_expenses,2026-05,0.0,0.0,1,False
org_041,PureFlow Innovations,monthly_revenue,2024,6000.0,6000.0,1,False
org_041,PureFlow Innovations,monthly_revenue,2025-2026,7000.0,7000.0,1,False
org_041,PureFlow Innovations,pct_women_reached,2025-2026,40.0,40.0,1,False
org_041,PureFlow Innovations,runway_months,2025-2026,8.0,8.0,1,False
org_033,PureSource Africa,beneficiaries_reached,2025-2026,10000.0,10000.0,1,False
org_033,PureSource Africa,business_perf_rating,2025-2026,4.0,4.0,1,False
org_033,PureSource Africa,business_perf_rating,2026-05,8.0,8.0,1,False
org_033,PureSource Africa,confidence_rating,2025-2026,4.0,4.0,1,False
org_033,PureSource Africa,customer_count,2026-05,32780.0,32780.0,1,False
org_033,PureSource Africa,fte_count,2025-2026,10.0,10.0,1,False
org_033,PureSource Africa,fte_count,2026-05,5.0,5.0,1,False
org_033,PureSource Africa,funding_total,2025-2026,1000000.0,1000000.0,1,False
org_033,PureSource Africa,health_hygiene_engaged,2026-05,10000.0,10000.0,1,False
org_033,PureSource Africa,health_hygiene_impact,2026-05,10000.0,10000.0,1,False
org_033,PureSource Africa,health_hygiene_informed,2026-05,10000.0,10000.0,1,False
org_033,PureSource Africa,monthly_expenses,2025-2026,40000.0,40000.0,1,False
org_033,PureSource Africa,monthly_expenses,2026-05,36000.0,36000.0,1,False
org_033,PureSource Africa,monthly_revenue,2024,42000.0,42000.0,1,False
org_033,PureSource Africa,monthly_revenue,2025-2026,50000.0,50000.0,1,False
org_033,PureSource Africa,pct_women_reached,2025-2026,100.0,100.0,1,False
org_033,PureSource Africa,runway_months,2025-2026,1.0,1.0,1,False
org_020,Renata Alves,beneficiaries_reached,2023-09,1200.0,1200.0,1,False
org_020,Renata Alves,beneficiaries_reached,2024-04,1200.0,1200.0,1,False
org_020,Renata Alves,business_perf_rating,2024-03,4.0,4.0,1,False
org_020,Renata Alves,confidence_rating,2024-03,5.0,5.0,1,False
org_020,Renata Alves,customer_count,2023-09,60.0,60.0,1,False
org_020,Renata Alves,customer_count,2024-04,60.0,60.0,1,False
org_020,Renata Alves,fte_count,2023-09,3.0,3.0,1,False
org_020,Renata Alves,fte_count,2024-04,3.0,3.0,1,False
org_020,Renata Alves,funding_total,2023-09,2000000.0,2000000.0,1,False
org_020,Renata Alves,funding_total,2024-04,3500000.0,3500000.0,1,False
org_020,Renata Alves,monthly_revenue,2022,500.0,500.0,1,False
org_040,RiverLight Group,beneficiaries_reached,2025-2026,50000.0,50000.0,1,False
org_040,RiverLight Group,business_perf_rating,2025-2026,3.0,3.0,1,False
org_040,RiverLight Group,business_perf_rating,2026-05,7.0,7.0,1,False
org_040,RiverLight Group,confidence_rating,2025-2026,3.0,3.0,1,False
org_040,RiverLight Group,customer_count,2026-05,4.0,4.0,1,False
org_040,RiverLight Group,fte_count,2025-2026,15.0,15.0,1,False
org_040,RiverLight Group,fte_count,2026-05,14.0,14.0,1,False
org_040,RiverLight Group,funding_total,2025-2026,4000000.0,4000000.0,1,False
org_040,RiverLight Group,funding_total,2026-05,1500000.0,1500000.0,1,False
org_040,RiverLight Group,health_hygiene_engaged,2026-05,103166.0,103166.0,1,False
org_040,RiverLight Group,health_hygiene_impact,2026-05,103166.0,103166.0,1,False
org_040,RiverLight Group,health_hygiene_informed,2026-05,150000000.0,150000000.0,1,True
org_040,RiverLight Group,monthly_expenses,2025-2026,100000.0,100000.0,1,False
org_040,RiverLight Group,monthly_expenses,2026-05,104000.0,104000.0,1,False
org_040,RiverLight Group,monthly_revenue,2024,170000.0,170000.0,1,False
org_040,RiverLight Group,monthly_revenue,2025-2026,166000.0,166000.0,1,False
org_040,RiverLight Group,pct_women_reached,2025-2026,95.0,95.0,1,False
org_040,RiverLight Group,runway_months,2025-2026,18.0,18.0,1,False
org_037,RiverStone Initiative,beneficiaries_reached,2025-2026,87500.0,87500.0,1,False
org_037,RiverStone Initiative,business_perf_rating,2025-2026,3.0,3.0,1,False
org_037,RiverStone Initiative,business_perf_rating,2026-05,8.0,8.0,1,False
org_037,RiverStone Initiative,confidence_rating,2025-2026,4.0,4.0,1,False
org_037,RiverStone Initiative,customer_count,2026-05,9000.0,9000.0,1,False
org_037,RiverStone Initiative,fte_count,2026-05,30.0,30.0,1,False
org_037,RiverStone Initiative,funding_total,2025-2026,150000.0,150000.0,1,False
org_037,RiverStone Initiative,funding_total,2026-05,1.0,1.0,1,False
org_037,RiverStone Initiative,health_hygiene_engaged,2026-05,8000.0,8000.0,1,False
org_037,RiverStone Initiative,health_hygiene_impact,2026-05,87935.0,87935.0,1,False
org_037,RiverStone Initiative,health_hygiene_informed,2026-05,2000.0,2000.0,1,False
org_037,RiverStone Initiative,monthly_expenses,2025-2026,19578.0,19578.0,1,False
org_037,RiverStone Initiative,monthly_expenses,2026-05,19086.22,19086.22,1,False
org_037,RiverStone Initiative,monthly_revenue,2024,9256.49,9256.49,1,False
org_037,RiverStone Initiative,monthly_revenue,2025-2026,13274.0,13274.0,1,False
org_037,RiverStone Initiative,pct_women_reached,2025-2026,65.0,65.0,1,False
org_037,RiverStone Initiative,runway_months,2025-2026,8.0,8.0,1,False
org_036,RootedGood Enterprises,beneficiaries_reached,2025-2026,500000.0,500000.0,1,False
org_036,RootedGood Enterprises,business_perf_rating,2025-2026,4.0,4.0,1,False
org_036,RootedGood Enterprises,business_perf_rating,2026-05,7.0,7.0,1,False
org_036,RootedGood Enterprises,confidence_rating,2025-2026,4.0,4.0,1,False
org_036,RootedGood Enterprises,customer_count,2026-05,51500.0,51500.0,1,False
org_036,RootedGood Enterprises,fte_count,2026-05,104.0,104.0,1,False
org_036,RootedGood Enterprises,funding_total,2025-2026,1000000.0,1000000.0,1,False
org_036,RootedGood Enterprises,funding_total,2026-05,0.0,0.0,1,False
org_036,RootedGood Enterprises,health_hygiene_engaged,2026-05,568.0,568.0,1,False
org_036,RootedGood Enterprises,health_hygiene_impact,2026-05,568.0,568.0,1,False
org_036,RootedGood Enterprises,health_hygiene_informed,2026-05,50000.0,50000.0,1,False
org_036,RootedGood Enterprises,monthly_expenses,2025-2026,35793.0,35793.0,1,False
org_036,RootedGood Enterprises,monthly_expenses,2026-05,44.9,44.9,1,False
org_036,RootedGood Enterprises,monthly_revenue,2024,73855.0,73855.0,1,False
org_036,RootedGood Enterprises,monthly_revenue,2025-2026,78870.0,78870.0,1,False
org_036,RootedGood Enterprises,pct_women_reached,2025-2026,35.0,35.0,1,False
org_036,RootedGood Enterprises,runway_months,2025-2026,15.0,15.0,1,False
org_036,RootedGood Enterprises,valuation,2025-2026,9000000.0,9000000.0,1,False
org_049,SafeHands Health Network,beneficiaries_reached,2025-2026,1000000.0,1000000.0,1,False
org_049,SafeHands Health Network,business_perf_rating,2025-2026,4.0,4.0,1,False
org_049,SafeHands Health Network,confidence_rating,2025-2026,4.0,4.0,1,False
org_049,SafeHands Health Network,funding_total,2025-2026,3000000.0,3000000.0,1,False
org_049,SafeHands Health Network,monthly_expenses,2025-2026,10000.0,10000.0,1,False
org_049,SafeHands Health Network,monthly_revenue,2025-2026,12000.0,12000.0,1,False
org_049,SafeHands Health Network,pct_women_reached,2025-2026,55.0,55.0,1,False
org_049,SafeHands Health Network,runway_months,2025-2026,6.0,6.0,1,False
org_044,SafePath Technologies,beneficiaries_reached,2025-2026,14000.0,14000.0,1,False
org_044,SafePath Technologies,business_perf_rating,2025-2026,4.0,4.0,1,False
org_044,SafePath Technologies,business_perf_rating,2026-05,8.0,8.0,1,False
org_044,SafePath Technologies,confidence_rating,2025-2026,4.0,4.0,1,False
org_044,SafePath Technologies,customer_count,2026-05,45000.0,45000.0,1,False
org_044,SafePath Technologies,fte_count,2026-05,6.0,6.0,1,False
org_044,SafePath Technologies,funding_total,2025-2026,1500000.0,1500000.0,1,False
org_044,SafePath Technologies,funding_total,2026-05,0.0,0.0,1,False
org_044,SafePath Technologies,health_hygiene_engaged,2026-05,2000.0,2000.0,1,False
org_044,SafePath Technologies,health_hygiene_impact,2026-05,1000.0,1000.0,1,False
org_044,SafePath Technologies,health_hygiene_informed,2026-05,20000.0,20000.0,1,False
org_044,SafePath Technologies,monthly_expenses,2025-2026,7500.0,7500.0,1,False
org_044,SafePath Technologies,monthly_expenses,2026-05,15000.0,15000.0,1,False
org_044,SafePath Technologies,monthly_revenue,2024,25000.0,25000.0,1,False
org_044,SafePath Technologies,monthly_revenue,2025-2026,20000.0,20000.0,1,False
org_044,SafePath Technologies,pct_women_reached,2025-2026,95.0,95.0,1,False
org_044,SafePath Technologies,runway_months,2025-2026,12.0,12.0,1,False
org_044,SafePath Technologies,valuation,2025-2026,5000000.0,5000000.0,1,False
org_017,SafeStream Technologies,beneficiaries_reached,2023-10,2000.0,2000.0,1,False
org_017,SafeStream Technologies,beneficiaries_reached,2024-10,750.0,750.0,1,False
org_017,SafeStream Technologies,business_perf_rating,2024-10,10.0,10.0,2,False
org_017,SafeStream Technologies,business_perf_rating,2025-04,10.0,10.0,1,False
org_017,SafeStream Technologies,confidence_rating,2024-10,10.0,10.0,1,False
org_017,SafeStream Technologies,customer_count,2024-10,0.0,0.0,1,False
org_017,SafeStream Technologies,customer_count,2025-04,8000.0,8000.0,1,False
org_017,SafeStream Technologies,fte_count,2023-10,6.0,6.0,1,False
org_017,SafeStream Technologies,fte_count,2024-10,10.0,10.0,1,False
org_017,SafeStream Technologies,fte_count,2025-04,12.0,12.0,1,False
org_017,SafeStream Technologies,funding_total,2023-10,10000.0,10000.0,1,False
org_017,SafeStream Technologies,funding_total,2024-10,21000.0,21000.0,1,False
org_017,SafeStream Technologies,funding_total,2025-04,50000.0,50000.0,1,False
org_017,SafeStream Technologies,health_hygiene_engaged,2025-04,200.0,200.0,1,False
org_017,SafeStream Technologies,health_hygiene_engaged,2025-05,150.0,150.0,1,False
org_017,SafeStream Technologies,health_hygiene_impact,2024-10,800.0,800.0,1,False
org_017,SafeStream Technologies,health_hygiene_impact,2025-04,1620.0,1620.0,1,False
org_017,SafeStream Technologies,health_hygiene_informed,2024-10,1600.0,1600.0,1,False
org_017,SafeStream Technologies,health_hygiene_informed,2025-04,2000.0,2000.0,1,False
org_017,SafeStream Technologies,health_hygiene_outcomes,2024-10,1100.0,1100.0,1,False
org_017,SafeStream Technologies,health_hygiene_outcomes,2025-04,900.0,900.0,1,False
org_017,SafeStream Technologies,health_hygiene_societal,2024-10,800.0,800.0,1,False
org_017,SafeStream Technologies,health_hygiene_societal,2025-04,1620.0,1620.0,1,False
org_017,SafeStream Technologies,monthly_revenue,2021,1800.0,1800.0,1,False
org_017,SafeStream Technologies,monthly_revenue,2023,1750.0,2000.0,2,False
org_017,SafeStream Technologies,nps_recommend,2025-04,10.0,10.0,1,False
org_059,Solace Health Group,beneficiaries_reached,2025-10,300000.0,300000.0,1,False
org_059,Solace Health Group,monthly_revenue,2025-10,13000.0,13000.0,1,False
org_059,Solace Health Group,pct_women_reached,2025-10,50.0,50.0,1,False
org_059,Solace Health Group,runway_months,2025-10,14.0,14.0,1,False
org_038,SolarBridge Technologies,beneficiaries_reached,2025-2026,80000.0,80000.0,1,False
org_038,SolarBridge Technologies,business_perf_rating,2025-2026,1.0,1.0,1,False
org_038,SolarBridge Technologies,business_perf_rating,2026-05,9.0,9.0,1,False
org_038,SolarBridge Technologies,confidence_rating,2025-2026,4.0,4.0,1,False
org_038,SolarBridge Technologies,customer_count,2026-05,200.0,200.0,1,False
org_038,SolarBridge Technologies,fte_count,2025-2026,857.0,857.0,1,True
org_038,SolarBridge Technologies,fte_count,2026-05,700.0,700.0,1,False
org_038,SolarBridge Technologies,funding_total,2025-2026,6000000.0,6000000.0,1,False
org_038,SolarBridge Technologies,funding_total,2026-05,0.0,0.0,1,False
org_038,SolarBridge Technologies,health_hygiene_engaged,2026-05,0.0,0.0,1,False
org_038,SolarBridge Technologies,health_hygiene_impact,2026-05,0.0,0.0,1,False
org_038,SolarBridge Technologies,health_hygiene_informed,2026-05,0.0,0.0,1,False
org_038,SolarBridge Technologies,monthly_expenses,2025-2026,469110.0,469110.0,1,False
org_038,SolarBridge Technologies,monthly_expenses,2026-05,350000.0,350000.0,1,False
org_038,SolarBridge Technologies,monthly_revenue,2024,679347.75,679347.75,1,False
org_038,SolarBridge Technologies,monthly_revenue,2025-2026,564041.0,564041.0,1,False
org_038,SolarBridge Technologies,pct_women_reached,2025-2026,50.0,50.0,1,False
org_038,SolarBridge Technologies,runway_months,2025-2026,0.0,0.0,1,False
org_038,SolarBridge Technologies,valuation,2025-2026,56684221.0,56684221.0,1,False
org_043,SunRise Impact Group,beneficiaries_reached,2025-2026,725000.0,725000.0,1,False
org_043,SunRise Impact Group,business_perf_rating,2025-2026,3.0,3.0,1,False
org_043,SunRise Impact Group,business_perf_rating,2026-05,6.0,6.0,1,False
org_043,SunRise Impact Group,confidence_rating,2025-2026,3.0,3.0,1,False
org_043,SunRise Impact Group,customer_count,2026-05,45.0,45.0,1,False
org_043,SunRise Impact Group,fte_count,2025-2026,86.0,86.0,1,False
org_043,SunRise Impact Group,fte_count,2026-05,130.0,130.0,1,False
org_043,SunRise Impact Group,funding_total,2026-05,1900335.0,1900335.0,1,False
org_043,SunRise Impact Group,health_hygiene_engaged,2026-05,750000.0,750000.0,1,False
org_043,SunRise Impact Group,health_hygiene_impact,2026-05,850000.0,850000.0,1,False
org_043,SunRise Impact Group,health_hygiene_informed,2026-05,200000.0,200000.0,1,False
org_043,SunRise Impact Group,monthly_expenses,2025-2026,140000.0,140000.0,1,False
org_043,SunRise Impact Group,monthly_expenses,2026-05,367966.83,367966.83,1,False
org_043,SunRise Impact Group,monthly_revenue,2024,380067.0,380067.0,1,False
org_043,SunRise Impact Group,monthly_revenue,2025-2026,158000.0,158000.0,1,False
org_043,SunRise Impact Group,pct_women_reached,2025-2026,70.0,70.0,1,False
org_043,SunRise Impact Group,runway_months,2025-2026,3.0,3.0,1,False
org_027,SunWell Africa,beneficiaries_reached,2025-10,1200.0,1200.0,1,False
org_027,SunWell Africa,business_perf_rating,2025-04,9.5,10.0,2,False
org_027,SunWell Africa,customer_count,2025-04,45.0,45.0,1,False
org_027,SunWell Africa,fte_count,2024-10,3.0,3.0,1,False
org_027,SunWell Africa,fte_count,2025-04,102.5,200.0,2,False
org_027,SunWell Africa,funding_total,2025-04,1700.0,1700.0,1,False
org_027,SunWell Africa,health_hygiene_engaged,2025-05,0.0,0.0,1,False
org_027,SunWell Africa,health_hygiene_impact,2025-05,200.0,200.0,1,False
org_027,SunWell Africa,health_hygiene_impact,2025-10,150.0,150.0,1,False
org_027,SunWell Africa,health_hygiene_informed,2024-10,100000.0,100000.0,1,False
org_027,SunWell Africa,health_hygiene_informed,2025-05,500000.0,500000.0,1,False
org_027,SunWell Africa,health_hygiene_outcomes,2025-05,0.0,0.0,1,False
org_027,SunWell Africa,health_hygiene_societal,2024-10,150.0,150.0,1,False
org_027,SunWell Africa,health_hygiene_societal,2025-05,200.0,200.0,1,False
org_027,SunWell Africa,monthly_revenue,2023,150.0,150.0,1,False
org_027,SunWell Africa,monthly_revenue,2025-10,100.0,100.0,1,False
org_027,SunWell Africa,nps_recommend,2025-04,10.0,10.0,1,False
org_027,SunWell Africa,pct_women_reached,2025-10,90.0,90.0,1,False
org_027,SunWell Africa,runway_months,2025-04,8.0,8.0,1,False
org_027,SunWell Africa,runway_months,2025-10,6.0,6.0,1,False
org_048,TerraLift Solutions,beneficiaries_reached,2025-2026,10000000.0,10000000.0,1,False
org_048,TerraLift Solutions,business_perf_rating,2025-2026,4.0,4.0,1,False
org_048,TerraLift Solutions,business_perf_rating,2026-05,8.0,8.0,1,False
org_048,TerraLift Solutions,confidence_rating,2025-2026,5.0,5.0,1,False
org_048,TerraLift Solutions,customer_count,2026-05,11400000.0,11400000.0,1,False
org_048,TerraLift Solutions,fte_count,2026-05,118.0,118.0,1,False
org_048,TerraLift Solutions,funding_total,2025-2026,5000000.0,5000000.0,1,False
org_048,TerraLift Solutions,health_hygiene_engaged,2026-05,5226364.0,5226364.0,1,False
org_048,TerraLift Solutions,health_hygiene_impact,2026-05,5226364.0,5226364.0,1,False
org_048,TerraLift Solutions,health_hygiene_informed,2026-05,13202753.0,13202753.0,1,False
org_048,TerraLift Solutions,monthly_expenses,2025-2026,62000.0,62000.0,1,False
org_048,TerraLift Solutions,monthly_expenses,2026-05,127000.0,127000.0,1,False
org_048,TerraLift Solutions,monthly_revenue,2024,100000.0,100000.0,1,False
org_048,TerraLift Solutions,monthly_revenue,2025-2026,100000.0,100000.0,1,False
org_048,TerraLift Solutions,pct_women_reached,2025-2026,40.0,40.0,1,False
org_048,TerraLift Solutions,runway_months,2025-2026,9.0,9.0,1,False
org_048,TerraLift Solutions,valuation,2025-2026,28000000.0,28000000.0,1,False
org_053,TerraNova Water Group,beneficiaries_reached,2025-10,2000000.0,2000000.0,1,False
org_053,TerraNova Water Group,business_perf_rating,2025-04,3.0,3.0,2,False
org_053,TerraNova Water Group,customer_count,2025-04,10452.0,10452.0,1,False
org_053,TerraNova Water Group,fte_count,2025-04,1.0,1.0,1,False
org_053,TerraNova Water Group,funding_total,2025-04,200970.0,200970.0,1,False
org_053,TerraNova Water Group,health_hygiene_engaged,2025-04,0.0,0.0,1,False
org_053,TerraNova Water Group,health_hygiene_impact,2025-04,0.0,0.0,1,False
org_053,TerraNova Water Group,health_hygiene_informed,2025-04,3950.0,3950.0,1,False
org_053,TerraNova Water Group,health_hygiene_outcomes,2025-04,0.0,0.0,1,False
org_053,TerraNova Water Group,health_hygiene_societal,2025-04,0.0,0.0,1,False
org_053,TerraNova Water Group,monthly_revenue,2023,6100.0,6100.0,1,False
org_053,TerraNova Water Group,monthly_revenue,2025-10,65000.0,65000.0,1,False
org_053,TerraNova Water Group,nps_recommend,2025-04,8.0,8.0,1,False
org_053,TerraNova Water Group,pct_women_reached,2025-10,52.0,52.0,1,False
org_053,TerraNova Water Group,runway_months,2025-04,15.0,15.0,1,False
org_053,TerraNova Water Group,runway_months,2025-10,10.0,10.0,1,False
org_005,ThriveWater Group,beneficiaries_reached,2022-09,20000.0,20000.0,1,False
org_005,ThriveWater Group,beneficiaries_reached,2022-10,2.0,2.0,1,False
org_005,ThriveWater Group,beneficiaries_reached,2023-04,25000.0,25000.0,1,False
org_005,ThriveWater Group,beneficiaries_reached,2023-05,6.0,6.0,1,False
org_005,ThriveWater Group,beneficiaries_reached,2023-10,4.0,4.0,1,False
org_005,ThriveWater Group,beneficiaries_reached,2024-04,320.0,320.0,1,False
org_005,ThriveWater Group,beneficiaries_reached,2024-10,435.0,435.0,1,False
org_005,ThriveWater Group,business_perf_rating,2023-10,5.0,5.0,1,False
org_005,ThriveWater Group,business_perf_rating,2024,5.0,5.0,1,False
org_005,ThriveWater Group,business_perf_rating,2024-04,4.0,4.0,1,False
org_005,ThriveWater Group,business_perf_rating,2025-04,8.0,8.0,1,False
org_005,ThriveWater Group,confidence_rating,2023-04,5.0,5.0,3,False
org_005,ThriveWater Group,confidence_rating,2024-04,5.0,5.0,1,False
org_005,ThriveWater Group,customer_count,2024-04,4.0,4.0,1,False
org_005,ThriveWater Group,customer_count,2025-04,602.0,602.0,1,False
org_005,ThriveWater Group,ebitda,2022-09,650000.0,650000.0,1,False
org_005,ThriveWater Group,ebitda,2022-10,100000.0,100000.0,1,False
org_005,ThriveWater Group,ebitda,2023-05,1451900.0,1451900.0,1,False
org_005,ThriveWater Group,fte_count,2022-09,7.0,7.0,1,False
org_005,ThriveWater Group,fte_count,2022-10,6.0,6.0,1,False
org_005,ThriveWater Group,fte_count,2023-04,4.0,4.0,1,False
org_005,ThriveWater Group,fte_count,2023-05,4.0,4.0,1,False
org_005,ThriveWater Group,fte_count,2023-10,4.0,4.0,1,False
org_005,ThriveWater Group,fte_count,2024-04,8.0,8.0,1,False
org_005,ThriveWater Group,fte_count,2025-04,11.0,11.0,1,False
org_005,ThriveWater Group,funding_total,2022-10,85000.0,85000.0,1,False
org_005,ThriveWater Group,funding_total,2023-05,25000.0,25000.0,1,False
org_005,ThriveWater Group,funding_total,2023-10,75000.0,75000.0,1,False
org_005,ThriveWater Group,funding_total,2024-04,2500000.0,2500000.0,1,False
org_005,ThriveWater Group,funding_total,2025-04,1000000.0,1000000.0,1,False
org_005,ThriveWater Group,health_hygiene_engaged,2025-04,0.0,0.0,1,False
org_005,ThriveWater Group,health_hygiene_impact,2024-10,0.0,0.0,1,False
org_005,ThriveWater Group,health_hygiene_impact,2025-04,0.0,0.0,1,False
org_005,ThriveWater Group,health_hygiene_informed,2024-10,970.0,970.0,1,False
org_005,ThriveWater Group,health_hygiene_informed,2025-04,2500.0,2500.0,1,False
org_005,ThriveWater Group,health_hygiene_outcomes,2025-04,0.0,0.0,1,False
org_005,ThriveWater Group,health_hygiene_societal,2025-04,0.0,0.0,1,False
org_005,ThriveWater Group,jobs_created,2022-09,4.5,5.0,2,False
org_005,ThriveWater Group,jobs_created,2023-04,4.0,5.0,2,False
org_005,ThriveWater Group,jobs_created,2024-04,4.0,4.0,1,False
org_005,ThriveWater Group,livelihoods_improved,2022-09,12000.0,12000.0,1,False
org_005,ThriveWater Group,livelihoods_improved,2023-04,16000.0,16000.0,1,False
org_005,ThriveWater Group,monthly_revenue,2022,8500.0,8500.0,1,False
org_005,ThriveWater Group,monthly_revenue,2023,65816.5,121133.0,2,False
org_005,ThriveWater Group,net_profit,2022-09,100000.0,100000.0,1,False
org_005,ThriveWater Group,net_profit,2022-10,50000.0,50000.0,1,False
org_005,ThriveWater Group,net_profit,2023-05,4100.0,4100.0,1,False
org_005,ThriveWater Group,nps_recommend,2023-04,9.333333333333334,10.0,3,False
org_005,ThriveWater Group,nps_recommend,2025-04,10.0,10.0,1,False
org_005,ThriveWater Group,revenue_actuals,2022-09,750000.0,750000.0,1,False
org_005,ThriveWater Group,revenue_actuals,2022-10,800000.0,800000.0,1,False
org_005,ThriveWater Group,revenue_actuals,2023-05,1456000.0,1456000.0,1,False
org_005,ThriveWater Group,runway_months,2025-04,6.0,6.0,1,False
org_005,ThriveWater Group,wash_access_improved,2022-09,12000.0,12000.0,1,False
org_005,ThriveWater Group,wash_access_improved,2023-04,16000.0,16000.0,1,False
org_028,TrueNorth Impact,beneficiaries_reached,2025-10,51265.0,51265.0,1,False
org_028,TrueNorth Impact,business_perf_rating,2025-04,10.0,10.0,2,False
org_028,TrueNorth Impact,customer_count,2025-04,10000.0,10000.0,1,False
org_028,TrueNorth Impact,fte_count,2024-10,11.0,11.0,1,False
org_028,TrueNorth Impact,fte_count,2025-04,20.0,20.0,1,False
org_028,TrueNorth Impact,funding_total,2025-04,559400.0,559400.0,1,False
org_028,TrueNorth Impact,health_hygiene_engaged,2025-05,1191.0,1191.0,1,False
org_028,TrueNorth Impact,health_hygiene_impact,2025-05,10000.0,10000.0,1,False
org_028,TrueNorth Impact,health_hygiene_informed,2024-10,45525.0,45525.0,1,False
org_028,TrueNorth Impact,health_hygiene_informed,2025-05,58697.0,58697.0,1,False
org_028,TrueNorth Impact,health_hygiene_outcomes,2024-10,46617.0,46617.0,1,False
org_028,TrueNorth Impact,health_hygiene_outcomes,2025-05,59888.0,59888.0,1,False
org_028,TrueNorth Impact,health_hygiene_societal,2025-05,10000.0,10000.0,1,False
org_028,TrueNorth Impact,monthly_revenue,2023,23809.0,23809.0,1,False
org_028,TrueNorth Impact,monthly_revenue,2025-10,57501.0,57501.0,1,False
org_028,TrueNorth Impact,nps_recommend,2025-04,8.0,8.0,1,False
org_028,TrueNorth Impact,runway_months,2025-04,0.8,0.8,1,False
org_028,TrueNorth Impact,runway_months,2025-10,0.4,0.4,1,False
org_022,Uche Eze,beneficiaries_reached,2023-09,5000.0,5000.0,1,False
org_022,Uche Eze,beneficiaries_reached,2024-04,5750.0,5750.0,1,False
org_022,Uche Eze,business_perf_rating,2024-03,5.0,5.0,1,False
org_022,Uche Eze,confidence_rating,2024-03,5.0,5.0,1,False
org_022,Uche Eze,customer_count,2023-09,23.0,23.0,1,False
org_022,Uche Eze,customer_count,2024-04,34.0,34.0,1,False
org_022,Uche Eze,fte_count,2023-09,9.0,9.0,1,False
org_022,Uche Eze,fte_count,2024-04,7.0,7.0,1,False
org_022,Uche Eze,funding_total,2023-09,0.0,0.0,1,False
org_022,Uche Eze,funding_total,2024-04,0.0,0.0,1,False
org_022,Uche Eze,monthly_revenue,2022,3000.0,3000.0,1,False
org_061,Vireo Health Systems,beneficiaries_reached,2025-10,600000.0,600000.0,1,False
org_061,Vireo Health Systems,monthly_revenue,2025-10,7466.51,7466.51,1,False
org_061,Vireo Health Systems,pct_women_reached,2025-10,65.0,65.0,1,False
org_061,Vireo Health Systems,runway_months,2025-10,4.0,4.0,1,False
org_012,VitalBridge Group,beneficiaries_reached,2023-10,37500.0,37500.0,1,False
org_012,VitalBridge Group,beneficiaries_reached,2024-04,80000.0,80000.0,1,False
org_012,VitalBridge Group,beneficiaries_reached,2024-10,100000.0,100000.0,1,False
org_012,VitalBridge Group,beneficiaries_reached,2025-05,120.0,120.0,1,False
org_012,VitalBridge Group,business_perf_rating,2024,3.0,3.0,1,False
org_012,VitalBridge Group,customer_count,2023-05,5.0,5.0,1,False
org_012,VitalBridge Group,customer_count,2023-10,12.0,12.0,1,False
org_012,VitalBridge Group,customer_count,2024-04,20.0,20.0,1,False
org_012,VitalBridge Group,fte_count,2022-10,1.0,1.0,1,False
org_012,VitalBridge Group,fte_count,2023-05,4.0,4.0,1,False
org_012,VitalBridge Group,fte_count,2023-10,10.0,10.0,2,False
org_012,VitalBridge Group,funding_total,2022-10,600000.0,600000.0,1,False
org_012,VitalBridge Group,funding_total,2023-05,0.0,0.0,1,False
org_012,VitalBridge Group,funding_total,2023-10,1250000.0,2500000.0,2,False
org_012,VitalBridge Group,funding_total,2024-06,0.0,0.0,1,False
org_012,VitalBridge Group,pct_women_reached,2025-04,50.0,50.0,1,False
org_055,VitalGround Africa,business_perf_rating,2025-04,6.5,7.0,2,False
org_055,VitalGround Africa,customer_count,2025-04,78.0,78.0,1,False
org_055,VitalGround Africa,fte_count,2025-04,6.0,6.0,1,False
org_055,VitalGround Africa,funding_total,2025-04,1100000.0,1100000.0,1,False
org_055,VitalGround Africa,health_hygiene_engaged,2024-10,0.0,0.0,1,False
org_055,VitalGround Africa,health_hygiene_engaged,2025-04,488.0,488.0,1,False
org_055,VitalGround Africa,health_hygiene_impact,2024-10,0.0,0.0,1,False
org_055,VitalGround Africa,health_hygiene_impact,2025-04,2377.0,2377.0,1,False
org_055,VitalGround Africa,health_hygiene_informed,2024-10,457.0,457.0,1,False
org_055,VitalGround Africa,health_hygiene_informed,2025-04,240000.0,240000.0,1,False
org_055,VitalGround Africa,health_hygiene_outcomes,2024-10,0.0,0.0,1,False
org_055,VitalGround Africa,health_hygiene_outcomes,2025-04,0.0,0.0,1,False
org_055,VitalGround Africa,health_hygiene_societal,2024-10,0.0,0.0,1,False
org_055,VitalGround Africa,health_hygiene_societal,2025-04,0.0,0.0,1,False
org_055,VitalGround Africa,monthly_revenue,2023,0.0,0.0,1,False
org_055,VitalGround Africa,nps_recommend,2025-04,10.0,10.0,1,False
org_055,VitalGround Africa,runway_months,2025-04,2.0,2.0,1,False
org_010,VitalWave Systems,beneficiaries_reached,2023-10,950000.0,950000.0,1,False
org_010,VitalWave Systems,beneficiaries_reached,2024-04,1330000.0,1330000.0,1,False
org_010,VitalWave Systems,beneficiaries_reached,2024-10,1300000.0,1300000.0,1,False
org_010,VitalWave Systems,beneficiaries_reached,2025-10,2.0,2.0,1,False
org_010,VitalWave Systems,business_perf_rating,2024,8.0,8.0,1,False
org_010,VitalWave Systems,customer_count,2023-05,4.0,4.0,1,False
org_010,VitalWave Systems,customer_count,2023-10,5.0,5.0,1,False
org_010,VitalWave Systems,customer_count,2024-04,5.0,5.0,1,False
org_010,VitalWave Systems,fte_count,2022-10,4.0,4.0,1,False
org_010,VitalWave Systems,fte_count,2023-05,4.0,4.0,1,False
org_010,VitalWave Systems,fte_count,2023-10,4.0,5.0,2,False
org_010,VitalWave Systems,funding_total,2022-10,0.0,0.0,1,False
org_010,VitalWave Systems,funding_total,2023-05,50000.0,50000.0,1,False
org_010,VitalWave Systems,funding_total,2023-10,32500.0,35000.0,2,False
org_010,VitalWave Systems,funding_total,2024-06,0.0,0.0,1,False
org_010,VitalWave Systems,monthly_revenue,2025-10,200000.0,200000.0,1,False
org_010,VitalWave Systems,runway_months,2025-10,3.0,3.0,1,False
org_052,WellFound Enterprises,business_perf_rating,2025-04,10.0,10.0,2,False
org_052,WellFound Enterprises,customer_count,2025-04,0.0,0.0,1,False
org_052,WellFound Enterprises,fte_count,2025-04,13.0,13.0,1,False
org_052,WellFound Enterprises,funding_total,2025-04,0.0,0.0,1,False
org_052,WellFound Enterprises,health_hygiene_engaged,2025-04,6700.0,6700.0,1,False
org_052,WellFound Enterprises,health_hygiene_impact,2025-04,7600.0,7600.0,1,False
org_052,WellFound Enterprises,health_hygiene_informed,2025-04,0.0,0.0,1,False
org_052,WellFound Enterprises,health_hygiene_outcomes,2025-04,7600.0,7600.0,1,False
org_052,WellFound Enterprises,health_hygiene_societal,2025-04,0.0,0.0,1,False
org_052,WellFound Enterprises,monthly_revenue,2023,0.0,0.0,1,False
org_052,WellFound Enterprises,nps_recommend,2025-04,10.0,10.0,1,False
org_052,WellFound Enterprises,runway_months,2025-04,12.0,12.0,1,False
org_013,WellSpring Technologies,beneficiaries_reached,2024-10,3500.0,3500.0,1,False
org_013,WellSpring Technologies,beneficiaries_reached,2025-10,25000.0,25000.0,1,False
org_013,WellSpring Technologies,business_perf_rating,2024-10,8.0,8.0,2,False
org_013,WellSpring Technologies,business_perf_rating,2025-04,9.0,9.0,1,False
org_013,WellSpring Technologies,confidence_rating,2024-10,8.0,8.0,1,False
org_013,WellSpring Technologies,customer_count,2023-10,200.0,200.0,1,False
org_013,WellSpring Technologies,customer_count,2024-10,90.0,90.0,1,False
org_013,WellSpring Technologies,customer_count,2025-04,50.0,50.0,1,False
org_013,WellSpring Technologies,fte_count,2024-10,6.0,6.0,1,False
org_013,WellSpring Technologies,fte_count,2025-04,5.0,5.0,1,False
org_013,WellSpring Technologies,funding_total,2024-10,3000.0,3000.0,1,False
org_013,WellSpring Technologies,funding_total,2025-04,19500.0,19500.0,1,False
org_013,WellSpring Technologies,health_hygiene_engaged,2025-04,15000.0,15000.0,1,False
org_013,WellSpring Technologies,health_hygiene_engaged,2025-05,6450.0,6450.0,1,False
org_013,WellSpring Technologies,health_hygiene_impact,2024-10,5600.0,5600.0,1,False
org_013,WellSpring Technologies,health_hygiene_impact,2025-04,15000.0,15000.0,1,False
org_013,WellSpring Technologies,health_hygiene_informed,2024-10,7500.0,7500.0,1,False
org_013,WellSpring Technologies,health_hygiene_informed,2025-04,15000.0,15000.0,1,False
org_013,WellSpring Technologies,health_hygiene_outcomes,2024-10,5600.0,5600.0,1,False
org_013,WellSpring Technologies,health_hygiene_outcomes,2025-04,15000.0,15000.0,1,False
org_013,WellSpring Technologies,health_hygiene_societal,2024-10,3500.0,3500.0,1,False
org_013,WellSpring Technologies,health_hygiene_societal,2025-04,15000.0,15000.0,1,False
org_013,WellSpring Technologies,monthly_revenue,2023,875.0,1300.0,2,False
org_013,WellSpring Technologies,monthly_revenue,2025-10,600.0,600.0,1,False
org_013,WellSpring Technologies,nps_recommend,2025-04,10.0,10.0,1,False
org_013,WellSpring Technologies,runway_months,2025-04,8.0,8.0,1,False
org_065,Windmere Technologies,beneficiaries_reached,2025-10,7000.0,7000.0,1,False
org_065,Windmere Technologies,monthly_revenue,2025-10,5000.0,5000.0,1,False
org_065,Windmere Technologies,pct_women_reached,2025-10,55.0,55.0,1,False
org_065,Windmere Technologies,runway_months,2025-10,6.0,6.0,1,False
